Column1,AGE,GP,W,L,MIN,PTS,FGM,FGA,FG%,3PM,3PA,3P%,FTM,FTA,FT%,OREB,DREB,REB,AST,TOV,STL,BLK,PF,FP,DD2,TD3,+/-,rankings,0,Res
0,24,62,30,32,32.5,14.4,5.4,12.4,43.7,1.2,3.8,30.8,2.4,3.6,67.4,1.7,5.9,7.7,3.7,1.6,0.8,0.6,2,31.9,20,1,-1.1,80,77.16587,2.83413
1,21,11,3,8,10.2,2.9,1.1,2.5,42.9,0.5,1.4,40,0.2,0.4,50,0.6,0.3,0.9,0.4,0.2,0.4,0,1.5,5.5,0,0,4.5,68,68.1033,-0.1033
2,28,66,21,45,26.6,15,4.9,11.6,41.8,1.8,4.6,38.5,3.6,4,88.7,0.7,3.5,4.3,2.9,1.4,0.9,0.3,1.9,26.7,1,0,-3.4,77,78.421684,-1.421684
3,35,55,24,31,15.9,3.6,1.2,3.3,35.7,0.9,2.6,33.8,0.4,0.5,72.4,0.6,2.2,2.8,0.8,0.6,0.3,0.2,1.3,9.2,1,0,-1.9,71,69.172844,1.827156
4,26,11,6,5,4.2,1,0.4,1.3,28.6,0,0.3,0,0.3,0.5,60,0.2,0.5,0.6,0.1,0.2,0.1,0.3,0.7,2.8,0,0,-1.1,67,68.518654,-1.518654
5,24,27,9,18,16.2,5.8,2.3,4.3,52.6,0,0.1,0,1.3,2.1,58.6,1.6,2.4,4,0.7,0.9,0.3,0.4,2.8,13,0,0,-0.1,72,72.199455,-0.199455
6,27,71,44,27,22.8,10.1,3.4,7.7,44.4,2.5,6.4,40,0.7,0.9,74.6,0.3,1.9,2.2,0.8,0.7,0.6,0.2,2.2,15.8,1,0,2.6,74,75.15731,-1.15731
7,25,65,19,46,29.4,11,4.1,9.4,43.7,1.9,4.9,38.3,1,1.4,67,0.6,3,3.6,2.4,1.4,0.8,0.2,2.5,20.7,2,0,-5.4,75,73.99882,1.00118
8,23,47,20,27,10.2,4.7,2,3,64.8,0,0.1,33.3,0.7,0.8,87.2,0.6,2.1,2.8,0.5,0.7,0.2,0.3,1.2,9.5,1,0,-1,73,76.005295,-3.005295
9,35,70,44,26,31.5,17.6,6.2,12.7,48.9,1.6,4.3,36.5,3.6,4,90.7,0.4,4.6,5,6.7,2.3,1.6,0.2,2.3,36.6,10,0,4.7,88,88.665825,-0.665825
10,22,13,4,9,10.9,3.8,1.5,3.1,50,0.4,1.4,27.8,0.4,0.5,83.3,0.2,1.2,1.4,0.5,0.2,0.3,0.1,1.5,7.3,0,0,0.2,70,67.85847,2.14153
11,29,66,33,33,37.5,30,9.5,20.4,46.3,4.1,10.2,40.1,7,7.8,88.8,0.5,3.8,4.3,8,2.9,1.1,0.3,1.7,48.4,19,1,1.3,94,94.213264,-0.213264
12,31,62,37,25,29.6,18.7,5.8,13.2,43.8,2.9,7.1,40.5,4.3,4.8,89.3,0.5,4.6,5.2,1.9,1.2,0.7,0.1,1.2,28.9,3,0,3.7,83,83.91197,-0.91197
13,24,35,10,25,13.9,4.5,1.6,3.4,47.1,0.4,1.2,34.9,0.9,1.2,74.4,0.3,1.6,1.9,1.1,0.9,0.4,0.2,1.1,9.5,0,0,-3.1,73,70.35731,2.64269
14,27,63,40,23,30.4,10.5,3.7,8.6,42.7,2,5.6,36.3,1.2,1.4,81.1,0.9,3.3,4.2,1.3,0.9,1.1,0.5,2.1,21.6,2,0,2,76,75.365,0.635
15,27,20,8,12,13.4,5.2,1.9,3.6,52.1,0.6,1.4,42.9,0.9,1.4,66.7,0.4,1.9,2.3,0.4,0.4,0.6,0.6,1.6,11.6,0,0,1.8,73,68.52088,4.47912
16,22,63,19,44,32,12.3,4.4,10.8,41,1.7,4.8,35.5,1.7,2.3,76.4,0.7,3.8,4.5,1.8,1.6,0.7,0.3,2.9,21.8,3,0,-4.1,75,74.92276,0.07724
17,31,56,27,29,22,8.3,3.4,5.1,66.6,0,0,0,1.5,2.2,68,2.5,7.5,10,1.9,1.3,0.3,0.9,2,25.6,13,0,-0.7,80,79.00971,0.99029
18,26,65,40,25,30.8,18.9,7,14.8,46.9,1.9,5,38.5,3,3.6,83.9,0.3,3.3,3.6,4,2.6,0.7,0.2,2.2,29.5,0,0,3.6,80,83.50808,-3.50808
19,30,44,17,27,17.6,5.8,2.3,5.8,40,0.5,2.4,20.6,0.7,0.8,83.3,1.4,4.3,5.7,0.5,1.3,0.6,0.9,3,16.6,3,0,-0.6,72,71.968864,0.031136
20,23,69,43,26,34.3,24,8.7,19.4,44.9,2.5,6.9,36.6,4,4.7,86.3,0.8,3.6,4.4,4.3,2.7,1,0.2,2.5,36.6,1,0,1.6,88,89.30763,-1.30763
21,30,43,10,33,28.4,8,2.9,7.3,38.9,0.8,3,27.9,1.5,1.9,75.9,0.5,5.7,6.2,6.2,2.3,1.4,0.8,2.6,28.9,8,2,-4.5,79,71.09476,7.90524
22,24,31,16,15,14.4,4.9,2,4.6,43,0.5,1.7,26.4,0.5,0.9,55.2,0.4,1.1,1.5,1.8,0.7,0.5,0.3,1.4,11,0,0,-0.9,71,70.108986,0.891014
23,30,61,48,13,27,14.9,5.5,11.5,47.5,1.2,3.5,34.4,2.8,3.5,79,0.7,3.9,4.6,5.4,2.4,0.9,0.4,2.1,30.2,2,0,7.1,83,84.80973,-1.80973
24,25,1,0,1,19,6,2,3,66.7,0,0,0,2,2,100,2,5,7,0,0,0,0,5,14.4,0,0,8,68,88.210205,-20.210205
25,26,9,6,3,13.1,6.9,2.6,5.7,45.1,0.7,2.3,28.6,1.1,1.9,58.8,0.6,1.6,2.1,3.2,1.2,0.6,0.1,1.2,15,0,0,0.2,69,72.580315,-3.580315
26,22,72,42,30,21.7,9.8,3.4,7.8,43,2,4.9,40.2,1.1,1.4,75.5,0.3,2.1,2.3,1.1,0.8,0.6,0.2,1.4,15.8,0,0,1.3,75,75.18907,-0.18907
27,24,9,5,4,9.2,2.4,0.9,4.1,21.6,0.7,3,22.2,0,0,0,0,0.6,0.6,0.7,0.1,0.6,0,0.7,5.7,0,0,-3.4,67,68.540146,-1.540146
28,23,18,8,10,12.6,5.4,1.3,3.1,42.9,1.1,2.6,41.3,1.7,1.9,91.2,0.3,1,1.3,0.6,0.4,0.4,0.1,1.8,8.9,0,0,1.9,71,67.32318,3.67682
29,25,56,37,19,31.8,10.4,3.9,9.3,42,1.3,3.8,33.3,1.3,1.6,81.5,0.5,2.4,2.9,2.1,1.1,1.4,0.3,2.1,20.8,0,0,2.2,76,76.151665,-0.151665
30,27,29,13,16,14.9,3.9,1.7,4,41.4,0.4,1.6,28.3,0.1,0.3,50,0.9,1.9,2.8,1.7,0.7,1.1,0.2,1.9,13.1,1,0,-4.8,72,71.75573,0.24427
31,25,63,51,12,30.4,29.5,10.9,19.7,55.3,1.4,4.7,30.4,6.3,10,63.3,2.2,11.4,13.6,5.6,3.7,1,1,3.1,56.6,56,4,10.8,97,102.56227,-5.56227
32,34,59,37,22,28.2,16.2,5.4,12.3,44.1,2.1,5.7,36.7,3.2,4.2,77.6,0.5,2.7,3.2,5.1,2.4,0.7,0.2,2.1,27.7,3,0,2.8,79,81.93551,-2.93551
33,24,38,16,22,18.9,8.7,3.1,6.6,46.6,1.5,3.7,40.4,1,1.2,86.7,0.2,2,2.2,1.4,0.9,0.3,0.1,1.4,13.5,0,0,-2.5,72,73.40946,-1.40946
34,27,34,21,13,13.8,4.6,2,3.4,59.1,0.1,0.4,15.4,0.5,0.8,66.7,0.6,2,2.6,0.6,0.4,0.5,0.4,1.9,10.7,0,0,0.6,73,71.413216,1.586784
35,32,68,51,17,16.6,6.6,2.9,4.5,63.7,0,0.1,50,0.8,1.2,64.6,1.8,3.9,5.7,0.5,0.8,0.5,1.4,2.3,19.2,2,0,1.9,78,79.054726,-1.054726
36,23,29,8,21,14.4,4.4,1.6,4.6,33.6,0.4,1.3,33.3,0.9,1,86.2,0.3,1.1,1.4,1.1,0.9,0.4,0.4,1.4,9.2,0,0,-3.5,71,68.59876,2.40124
37,20,5,2,3,6.3,2,0.8,2,40,0,0.8,0,0.4,0.4,100,0,0.4,0.4,0.4,0.4,0,0,0.6,2.7,0,0,-4,68,69.81724,-1.81724
38,40,1,1,0,6,5,2,4,50,1,2,50,0,0,0,0,0,0,3,0,0,0,1,9.5,0,0,4,75,75.239426,-0.239426
39,33,32,14,18,19.4,8.4,3.2,6.7,47.9,1,2.8,36.3,1,1.5,64.6,0.8,2.9,3.7,2.3,1.5,0.8,1,2.5,20.2,0,0,-2.3,76,75.807884,0.192116
40,20,57,28,29,28.5,17.4,6.2,13.2,46.9,2.5,6.5,39.4,2.4,3.3,74.7,1,3.6,4.6,1.4,1.7,0.7,1.6,4.1,30.1,3,0,-1.8,83,86.57523,-3.57523
41,27,7,4,3,7.6,2.7,1,2.6,38.9,0.4,1.3,33.3,0.3,0.3,100,0.3,0.6,0.9,0,0,0.1,0,0.3,4.2,0,0,1.4,67,66.244514,0.755486
42,30,58,38,20,33.8,19.9,5.9,13.1,45.5,0.5,2.1,24.4,7.6,9.1,83.4,1.8,4.8,6.7,6,2.2,1.8,0.6,1.4,41.8,11,3,4.4,89,91.202866,-2.202866
43,25,13,8,5,3.2,2.2,0.8,1.2,73.3,0.1,0.1,100,0.4,0.5,71.4,0.2,0.5,0.8,0.6,0.4,0.2,0,0.5,4.3,0,0,0.2,71,73.41044,-2.41044
44,21,57,12,45,22.3,8.8,2.9,8.8,33.3,1.3,4.6,27.9,1.7,2.1,79.8,0.2,1.9,2.1,2.4,1.3,0.6,0.2,1.6,15.9,0,0,-3.5,72,72.865234,-0.865234
45,26,2,1,1,11.4,1,0.5,1,50,0,0,0,0,0,0,0.5,0.5,1,1,2.5,0,0,0.5,1.2,0,0,-3.5,67,70.69354,-3.69354
46,24,11,7,4,32,11.3,4.5,11.7,38.8,0.5,2.5,22.2,1.6,2.5,66.7,1.5,5.2,6.6,4,2.2,0.6,0.5,3.5,26.3,1,0,4.7,77,81.72184,-4.72184
47,25,8,6,2,31.6,17.6,6.8,13.6,49.5,0.3,1.3,20,3.9,4.4,88.6,2.9,7.4,10.3,4,2.4,1.4,2,4.9,43.7,3,0,-0.5,84,91.380516,-7.380516
48,23,21,12,9,6.4,1.7,0.7,1.2,57.7,0.1,0.4,37.5,0.1,0.2,75,0.5,0.9,1.4,0.3,0.3,0,0.1,0.9,3.9,0,0,1.4,70,70.75116,-0.75116
49,27,10,3,7,11.7,5,1.9,4.4,43.2,0.5,1.6,31.3,0.7,1.1,63.6,0.2,0.7,0.9,2.1,0.8,0.5,0.2,0.7,10.5,0,0,-2.1,72,68.80755,3.19245
50,24,44,10,34,16.9,6.5,2.3,5.3,42.7,0.8,2.3,33,1.2,1.7,72,0.6,2.3,2.9,0.7,0.4,0.4,0.5,1,13.6,0,0,-3.9,71,71.62021,-0.62021
51,24,31,12,19,16,6.4,2.3,5.8,39.2,0.8,3.1,26,1,1,96.8,0.4,2.7,3.1,0.7,0.6,0.2,0.3,1.6,12.1,0,0,-0.7,69,70.19288,-1.19288
52,20,17,8,9,17.7,9.1,3.1,5.2,59.6,0.8,1.3,59.1,2.1,2.6,79.5,0.6,2.8,3.4,0.9,0.8,0.8,0.1,1.6,16.5,1,0,3.9,76,72.44067,3.55933
53,21,56,19,37,31.4,12.2,4.5,10.9,41.3,2.3,6,38,0.9,1.1,82.8,0.6,3.4,4.1,3.8,1.6,0.9,0.5,2.5,25.4,2,0,-4.3,75,77.955086,-2.955086
54,20,65,21,44,17.9,6.4,2.2,6.2,35.9,1,3.1,32.7,1,1.6,65.3,0.4,2.4,2.8,0.9,0.7,0.4,0.4,1.6,12.9,0,0,-2.8,72,71.80848,0.19152
55,28,62,46,16,29.9,20.9,7.6,15.3,49.7,2.4,5.7,41.5,3.4,3.7,91.6,0.7,5.5,6.2,4.3,2.2,0.9,0.1,2.3,35.4,7,0,8.1,86,88.7349,-2.7349
56,24,61,46,15,25,12.8,4.8,11,43.6,1.4,4.5,31.6,1.9,2.5,73.5,0.9,3.6,4.5,1.3,1.5,0.5,0.4,2.1,21.3,2,0,3,76,77.2701,-1.2701
57,20,3,1,2,16.1,5.3,1.7,5.3,31.3,1,2.7,37.5,1,1.3,75,0.3,3,3.3,2,0.7,0,0.7,2,13.7,0,0,1.7,72,68.8018,3.1982
58,24,28,11,17,32.9,15.8,5.4,12.2,44.2,2.6,6.5,39.9,2.4,2.7,89.3,0.3,3.2,3.5,4.1,1.5,0.4,0.2,2.3,26.5,0,0,-0.8,78,78.88436,-0.88436
59,27,28,24,4,5.8,1.3,0.4,1,41.4,0.3,0.8,36.4,0.1,0.3,37.5,0.1,0.5,0.6,0.4,0.1,0.2,0.1,0.6,3.1,0,0,2.1,69,68.60881,0.39119
60,22,55,18,37,21.3,10.3,3.9,8.9,43.4,1.1,3.7,28.4,1.5,1.8,82,0.5,2.4,2.9,2.1,1.4,0.5,0.3,1.3,17.6,1,0,-4.2,75,74.8276,0.1724
61,34,58,21,37,19.5,5.9,2.1,4.6,44.6,1,2.7,35.9,0.8,1,86,0.5,2.6,3.2,1,0.6,0.6,0.5,1.8,14.1,0,0,-1.4,74,72.506615,1.493385
62,29,57,17,40,14.4,3.1,1.1,3.1,35.4,0.4,1.6,23.1,0.6,0.6,86.5,0.3,1,1.3,3.2,1,0.4,0,1.4,9.5,1,0,-0.2,70,69.044106,0.955894
63,22,62,30,32,14.2,5.4,2.1,4.6,46.2,0.6,1.7,34.6,0.5,0.7,67.4,1.6,3.3,4.9,0.7,0.7,0.4,1.4,1.9,16.8,2,0,0.3,76,73.48473,2.51527
64,23,45,15,30,18.6,8.7,3.2,5.9,54.5,0.6,1.8,31.3,1.7,2.1,82.1,1.2,3.6,4.9,1.2,1.5,0.6,0.4,3.4,18.1,2,0,-2,76,75.8342,0.1658
65,26,5,3,2,9.4,2.8,1.2,3.4,35.3,0.4,2.4,16.7,0,0,0,0,1.4,1.4,1.6,0.6,0.2,0.2,0.4,7.5,0,0,4,68,70.360954,-2.360954
66,32,72,31,41,27.9,11.5,4.4,9.1,48.1,1.9,4.4,41.9,1,1.2,82.1,1.5,4.8,6.4,2.8,1.4,0.9,0.6,3,26.3,10,0,0.1,78,77.702156,0.297844
67,22,19,15,4,7.1,1.9,0.7,1.9,36.1,0.2,0.8,20,0.4,0.5,80,0.5,0.9,1.4,0.4,0.4,0.2,0.1,0.9,4.6,0,0,1.8,67,68.88053,-1.88053
68,23,11,5,6,7.1,1.1,0.5,1.5,29.4,0.1,0.5,20,0.1,0.2,50,0.1,0.5,0.6,1,0.5,0.3,0.1,0.7,4,0,0,-2.1,68,67.22808,0.77192
69,22,20,12,8,8.1,3.1,1,2.2,46.5,0.2,0.9,17.6,1,1.2,82.6,0.2,0.9,1,0.3,0.4,0.1,0.1,0.5,4.6,0,0,-1.2,69,69.61973,-0.61973
70,26,44,16,28,28.2,12.3,5.1,7.8,64.8,0,0,0,2.1,2.7,78.8,2.9,5.3,8.1,1,1.2,0.9,1.3,3.8,28.9,13,0,0.4,78,78.32366,-0.32366
71,28,68,42,26,34.3,15.1,5.7,8.2,69.3,0,0,0,3.7,5.9,63,3.4,10.1,13.5,1.5,1.9,0.8,2,3.2,39.8,49,0,4.3,87,85.54458,1.45542
72,26,58,21,37,16,4.5,1.6,3.8,40.9,0.9,2.4,39.1,0.5,0.7,71.1,0.3,1.6,1.9,1.7,0.6,0.5,0.1,1.7,10.2,0,0,-1.4,70,70.96162,-0.96162
73,29,64,38,26,24.6,12.4,4.4,9,49.5,2.3,5,45.2,1.3,1.5,82.5,0.4,1.8,2.3,1.9,1,0.6,0.1,1.8,19.3,0,0,2.5,78,76.84118,1.15882
74,28,56,16,40,24,10.3,3.4,8.1,41.2,1.4,4.3,31.7,2.3,2.7,82.4,0.5,2.4,2.8,4.7,2.3,1.2,0.2,1.8,22.7,2,1,-1.7,76,72.26176,3.73824
75,21,70,43,27,34.7,19,6.8,14.5,47.1,1.2,3.6,34.7,4.1,5.1,80.7,0.7,5.2,5.9,3.3,1.9,1.1,0.7,1.7,34.5,9,1,2.2,84,84.475426,-0.475426
76,26,43,14,29,11.3,4.9,1.8,3.8,46.7,0.4,1,38.1,0.9,1.2,78,0.5,1.5,2,1.1,0.4,0.8,0.4,1.3,12.2,1,0,1.4,73,70.40985,2.59015
77,27,64,30,34,31.2,20.6,6.6,16,41.5,1.9,6.3,30.8,5.4,7,77.8,0.5,3,3.5,6.8,2.7,0.6,0.3,2.8,35,9,0,0.8,83,85.64158,-2.64158
78,23,41,27,14,8.8,2.4,0.9,1.9,46.8,0.2,0.5,35,0.4,0.7,66.7,0.2,1.1,1.3,1.3,0.4,0.3,0.1,1.1,6.7,1,0,-0.1,71,70.45283,0.54717
79,36,41,27,14,10.6,2.2,0.9,2.2,40.7,0.4,1.3,27.8,0.1,0.2,37.5,0.5,1.8,2.3,0.6,0.4,0.6,0.3,1,8.1,0,0,0.9,72,70.915535,1.084465
80,29,27,9,18,13.1,3.6,1.3,3.5,36.2,0.4,1.1,33.3,0.7,0.9,79.2,0.3,0.9,1.2,3.4,1.3,0.5,0.1,1.6,10.9,0,0,-2,72,70.53228,1.46772
81,22,11,8,3,10.8,3.6,1.3,4.5,28.6,0.4,2.2,16.7,0.7,0.7,100,0,1.1,1.1,1.5,1.4,0.9,0.2,1.2,9,0,0,1.8,69,69.88606,-0.88606
82,26,55,21,34,16.9,4.4,1.6,4.4,36,0.6,2.2,27.5,0.7,1,64.3,0.9,1.8,2.7,0.8,0.5,0.4,0.1,1.9,10,0,0,-2.7,71,69.56515,1.43485
83,26,31,7,24,12.1,6.1,2.4,4.5,53.2,0.2,0.7,22.7,1.2,1.9,62.7,1.4,2.9,4.3,0.9,1,0.3,0.2,1,13.4,2,0,-0.6,75,72.3826,2.6174
84,27,50,20,30,10.6,4.4,1.6,3.8,42,0.5,1.6,30.4,0.7,0.8,85.7,0.1,0.9,1,1.4,0.6,0.4,0.1,0.8,8.4,0,0,-0.3,71,70.72329,0.27671
85,21,7,3,4,4.6,1.1,0.4,1.6,27.3,0,0.4,0,0.3,0.6,50,0,0.3,0.3,0.3,0.3,0.4,0,0.6,2.9,0,0,-1.4,70,67.26607,2.73393
86,22,50,31,19,12.9,5.9,2.1,5.2,40.1,0.9,2.5,33.9,0.8,1,82,0.1,1.2,1.3,1.7,0.8,0.4,0.3,1.4,11.3,0,0,2,73,72.23244,0.76756
87,25,61,38,23,11.4,4,1.5,3.5,42.3,0.5,1.6,32,0.4,0.6,75,0.2,1.7,1.9,0.3,0.4,0.3,0.2,1.1,7.9,0,0,-2.5,70,71.383896,-1.383896
88,26,56,25,31,33,25.9,9.5,18.3,51.7,0.9,2.6,33.1,6.1,7.7,79.4,3.1,8.9,12,3.9,2,1.6,2.4,2.4,56.1,37,0,2.4,94,94.32205,-0.32205
89,24,50,14,36,26,14.2,5.6,12.6,44.4,1.5,3.8,39.3,1.5,1.9,79.4,2.2,5.9,8.1,1.4,1.5,0.7,0.4,2.9,27.9,14,0,-2.2,78,77.697365,0.302635
90,27,39,17,22,18.9,6.8,2.5,6.7,38.1,1.1,3.3,31.8,0.7,0.9,79.4,0.3,1.3,1.5,1.8,0.8,0.5,0.1,1.6,12.4,0,0,-4.9,72,72.40304,-0.40304
91,32,53,33,20,16.2,6.4,2.1,5.9,36,1.3,3.8,33,0.9,1.1,82.8,0.2,1.5,1.8,0.7,0.6,0.5,0.3,1.5,11.3,0,0,-0.3,73,72.407684,0.592316
92,23,44,10,34,20.3,5.2,2.2,4.8,45.9,0.3,1.1,28,0.5,0.9,60.5,0.7,3.5,4.2,0.8,0.6,0.5,0.1,1.3,12.8,1,0,-2.6,72,71.15104,0.84896
93,30,25,11,14,19.8,7.5,2.7,7.3,37.4,1.2,3.8,30.9,0.9,1,88,0.2,2.6,2.8,1.7,1.3,0.8,0.2,1.8,15,0,0,-1.8,74,73.50495,0.49505
94,34,58,39,19,32,15.6,5.2,12.4,41.9,2.2,6.1,35.8,3,3.5,86.2,0.6,3.9,4.6,8.2,2.6,2,0.3,2.5,37.5,18,1,5.2,85,86.06721,-1.06721
95,32,80,56,24,27.7,10.3,3.7,7.9,46.5,2.5,5.4,45.5,0.5,0.6,84.1,0.8,3.2,4,1.6,0.9,0.9,0.7,2.1,21.2,1,0,8,77,76.59829,0.40171
96,26,51,14,37,19.3,6.5,2.5,5.1,48.1,0.5,1.5,32,1.1,1.7,68.2,0.8,2.4,3.2,1.1,0.6,0.7,0.3,2.1,14.5,0,0,-1.5,73,72.434685,0.565315
97,28,30,23,7,25.7,16.3,5.9,12.4,48,0.9,3.2,27.4,3.5,4.8,73.6,1.4,6.8,8.2,3.6,2.4,1.3,1.5,3.6,37.5,10,0,2.2,86,82.56411,3.43589
98,32,67,36,31,25.4,11.1,3.4,8.6,39.5,1.6,4.6,34.2,2.7,3.6,76,1,4.2,5.2,1.3,1.1,0.5,0.1,1.7,20,3,0,0.7,77,77.58968,-0.58968
99,20,71,17,54,30.7,16.3,7.2,12.3,58.5,0,0.1,0,2,2.7,74.6,3.1,7.1,10.3,1.8,1.8,0.9,0.9,2.9,34.9,39,0,-5.4,82,82.94665,-0.94665
100,27,76,46,30,23.2,11.8,4.8,8.1,58.6,0.2,1,21.8,2,3,67.5,2.7,4.6,7.4,1.2,1.1,0.7,1.4,2.1,27.7,15,0,2.4,80,79.93179,0.06821
101,24,67,41,26,25.8,9.9,3.9,8.1,47.9,0.7,2.1,33.8,1.4,1.8,77.2,0.5,3.2,3.7,3.9,1.4,1,0.7,2.2,23.9,0,0,2.3,78,78.171005,-0.171005
102,22,64,15,49,35,26.6,9.2,19.6,46.7,2.1,6.5,32.6,6.1,7.1,86.6,0.6,3.5,4.1,6.8,4.1,0.9,0.2,3.1,40.8,12,0,-5.2,86,89.18777,-3.18777
103,22,27,20,7,15.2,4.9,1.9,4.6,40.3,0.8,3.1,26.5,0.3,0.4,75,0.6,1.8,2.4,1.1,0.7,0.5,0.2,1.4,10.9,0,0,4,72,71.57615,0.42385
104,29,66,48,18,31.3,7.4,2.8,6.4,44.5,0.7,2.5,28.5,1,1.4,69.2,0.9,6.4,7.3,6.9,2.6,1.4,1.1,3,31.4,8,0,7,86,84.04618,1.95382
105,25,15,7,8,10.7,3.3,1.2,3.1,39.1,0.7,2.3,28.6,0.3,0.4,66.7,0.1,1.1,1.3,0.3,0.3,0.3,0,0.7,6.1,0,0,-2.2,67,69.14299,-2.14299
106,21,61,22,39,19.2,8.1,3.2,7.3,43.4,0.9,2.8,31.4,0.9,1.2,74,0.4,1.8,2.2,1.1,0.8,0.4,0,1.5,13,0,0,-2.2,71,72.67619,-1.67619
107,33,73,47,26,20.2,9.2,3.2,7.9,40,2.1,6,35.4,0.8,0.9,83.8,0.4,2.1,2.5,0.5,0.8,0.5,0.4,1.7,14.8,0,0,1.8,76,75.334496,0.665504
108,25,47,24,23,13,4.2,1.6,3.7,42,0.4,1.3,29,0.7,0.9,80,0.4,1.1,1.5,0.4,0.4,0.3,0.2,1,7.7,0,0,-0.2,74,70.15872,3.84128
109,29,72,44,28,25.9,11.5,4.1,8.8,46.6,1.1,3.2,33.3,2.2,2.6,83.4,0.7,3.8,4.5,3.4,1.5,0.9,0.3,1.4,24,2,0,3,80,79.46816,0.53184
110,29,76,33,43,13.6,6.4,2.5,5,50.1,0.3,0.7,33.9,1.2,1.4,83,1.1,3,4.1,0.9,0.8,0.6,0.5,1.8,15.5,2,0,-1.5,76,74.99216,1.00784
111,32,34,12,22,14.6,4.1,1.4,3.1,45.2,0.1,0.5,18.8,1.2,1.8,68.9,1.4,2.4,3.8,0.7,0.6,0.7,0.5,2.5,12.7,1,0,-1,73,71.82163,1.17837
112,30,12,6,6,15.1,8.1,2.8,8.3,34.3,1,3.6,27.9,1.4,2.3,63,0.4,0.7,1.1,1.9,1.5,0.4,0.1,1.4,12.3,0,0,-1.8,76,75.64466,0.35534
113,22,30,21,9,6.8,1.3,0.6,1.8,34,0.1,0.5,26.7,0,0,0,0.2,0.6,0.8,0.8,0.4,0.2,0.1,0.9,3.9,0,0,-1.2,71,65.938805,5.061195
114,22,33,18,15,9.7,3.4,1.3,3.3,40,0.5,1.7,31.6,0.2,0.3,66.7,0.1,1.2,1.2,0.6,0.4,0.3,0.1,1.4,6.6,0,0,-0.7,71,70.01997,0.98003
115,24,22,12,10,7.1,4.6,1.8,3.3,53.4,0,0.1,0,1.1,1.8,60,0.8,1.5,2.3,0.5,0.7,0.2,0.1,1.2,8.5,0,0,-1.5,70,71.07096,-1.07096
116,23,44,24,20,14.5,4.7,1.8,3.7,49.4,0.8,2.2,35.4,0.3,0.6,48.1,1.1,2.7,3.8,0.9,0.8,0.4,0.9,2.3,13.6,1,0,-0.7,73,70.79452,2.20548
117,24,67,31,36,25.6,7.8,2.8,6.9,40.7,1.4,4.1,33.6,0.8,1.2,68.8,0.5,3.2,3.7,1.4,0.9,1,0.6,2.2,18.2,4,0,0,75,72.768715,2.231285
118,29,67,30,37,35.8,21.2,8.2,17.3,47.2,1.8,5.4,32.5,3.1,4,76.8,1.1,3.9,5,7.7,3.1,1.6,0.8,2.2,42.9,18,0,3.4,86,90.349434,-4.349434
119,24,81,36,45,19.9,7.2,2.7,6,44.7,1.1,3,35.5,0.8,1,78.5,0.5,2.1,2.6,1.2,0.4,0.4,0.2,1.2,13.5,0,0,-0.6,74,73.89733,0.10267
120,24,46,17,29,23.5,6.1,2.3,6.1,38.4,1.1,3.4,33.3,0.3,0.4,68.4,1.2,3.6,4.8,1.8,0.8,1,0.4,2.1,17.9,1,0,-1.9,72,73.36937,-1.36937
121,20,75,27,48,27.3,9.7,3.7,8.8,41.9,1.8,4.7,38.5,0.5,0.7,73.2,0.8,2.5,3.3,2.9,1.5,0.9,0.3,2.1,20,1,0,-1.6,76,76.14227,-0.14227
122,19,75,15,60,28.8,12.8,4.5,12.2,37,1.7,4.9,34.3,2.2,3,71.7,0.8,3.7,4.5,1.1,1.5,0.6,0.3,2.3,21,3,0,-8.5,76,76.0047,-0.0047
123,23,70,33,37,33.1,18.7,7.1,15.5,45.6,1.8,6,30.3,2.7,3.6,75.2,0.9,4.6,5.5,2.5,1.9,0.6,0.4,2.4,30,4,0,-0.8,84,83.049095,0.950905
124,29,45,27,18,8.2,3.5,1.5,3,50.7,0,0.3,8.3,0.4,0.5,81,0.6,2,2.6,1.2,0.7,0.2,0.6,1.5,10.1,1,0,0.1,74,74.572334,-0.572334
125,27,80,41,39,21.8,8.4,2.9,7.3,38.8,1.7,4.8,35.5,1,1.2,84.4,0.6,1.5,2.1,1.1,0.3,0.5,0.1,1.7,13.9,0,0,0.5,72,73.212105,-1.212105
126,22,52,16,36,32.3,18.7,6.6,15.3,43,2.3,6.4,36.1,3.3,3.8,87.2,1.4,7.6,9,1.4,1.6,0.7,0.6,2.3,34.1,20,0,-3.8,83,82.79883,0.20117
127,34,55,28,27,35.2,27.4,10.1,19.9,51,2,5.9,33.9,5.1,7.6,66.5,1,7.4,8.5,8.3,3.6,1.3,0.6,1.7,52,32,8,2.1,97,93.43372,3.56628
128,34,79,39,40,30.8,13.6,4.9,11,44.8,1.3,3.5,36.3,2.4,3.2,75.9,1,6.9,7.9,4.4,2,1.1,1.1,2.7,34.2,19,1,2,82,82.343735,-0.343735
129,29,58,24,34,21.9,9.4,3.5,8.3,42.1,1.2,3.5,33.5,1.2,1.6,77.2,1.1,3.5,4.6,1.4,0.9,0.6,0.4,3,19,2,0,-2.8,75,74.666725,0.333275
130,20,62,30,32,25.3,14.9,5.7,11.4,50.4,0.5,1.5,31.3,2.9,4.2,69.1,2.6,5,7.6,1,1.6,0.5,1,1.9,28.4,19,0,-1.7,83,80.176254,2.823746
131,30,26,11,15,10.7,7,2.9,5.9,49,0.1,0.7,17.6,1.1,1.5,71.8,0.5,1.8,2.3,1,1,0.3,0.4,1.6,12.3,0,0,-1.5,76,73.42295,2.57705
132,31,70,30,40,33.5,21.1,7,16,43.8,2.2,6.1,36.4,4.9,5.8,84.5,0.6,2.8,3.4,6.4,1.9,1.3,0.3,1.8,37.9,10,0,0.3,87,85.85964,1.14036
133,21,80,38,42,21.2,7.5,3,6.4,46.4,0.8,2.5,32.5,0.7,1,75.3,0.8,3.2,4,1.2,0.6,0.7,0.6,1.4,17.4,1,0,-1.6,76,75.654945,0.345055
134,24,82,54,28,24,10.4,4.2,8.6,49.3,1.1,2.8,41.4,0.8,1,80.2,0.4,1.9,2.4,3.6,0.6,0.9,0,1.2,20.8,1,0,2.2,77,80.82531,-3.82531
135,21,46,15,31,17.5,5.9,2.1,5.3,40.2,1,2.8,34.4,0.7,1,71.1,1.6,2.7,4.2,1,0.7,0.6,0.5,1.5,15.2,4,0,-4.4,73,73.77364,-0.77364
136,27,37,26,11,12.8,5.3,2,4.4,46,0.5,1.6,33.3,0.8,0.9,84.8,0.2,1.5,1.7,2.5,0.9,0.4,0.1,1.3,11.6,0,0,4.7,72,72.840965,-0.840965
137,25,70,16,54,16.9,8.2,3.2,5.2,60.8,0,0,0,1.8,2.5,73.1,1.6,3.1,4.7,0.9,0.7,0.6,1.1,2.8,19.6,5,0,-2.5,75,74.601776,0.398224
138,28,35,20,15,34.4,13.3,4.5,10.3,43.1,2.4,6.4,37.8,1.9,2.5,76.4,0.8,4.7,5.5,1.3,1.3,2.1,1.3,3.6,30.9,2,0,1.8,80,83.15717,-3.15717
139,31,74,20,54,21.7,9.5,4.1,7.2,56.8,0.1,0.4,22.6,1.2,1.7,72.4,1.9,2,3.9,1.2,1.3,0.1,1.1,1.7,18.3,2,0,-1.9,75,75.07328,-0.07328
140,27,66,31,35,23.5,7.6,2.8,7,40.3,1.2,3.4,35.1,0.8,1.1,72.2,0.9,2.7,3.6,1.7,1,0.5,0.2,1.7,15.7,2,0,-0.6,72,72.48672,-0.48672
141,26,82,50,32,20.4,5.2,2,4.2,47.5,0.8,2.1,38.6,0.4,0.5,76.2,0.3,3.2,3.5,1.5,0.9,0.7,0.3,2.1,13.6,1,0,2.1,73,72.30781,0.69219
142,24,56,39,17,10.6,3.3,1.2,2.8,42.4,0.5,1.6,31.5,0.4,0.7,61.5,0.4,1.1,1.5,0.4,0.3,0.2,0.1,0.8,6.2,0,0,1.3,73,70.13711,2.86289
143,29,74,53,21,27.2,15,6.3,11.9,52.9,0.7,2.3,29,1.8,2.4,76.3,2.1,6,8.1,1.3,1.5,0.4,1.4,2.9,30.6,22,0,3.5,81,81.62588,-0.62588
144,25,73,20,53,19.6,6.5,2.5,5.8,43.2,0.3,1.2,27,1.1,1.7,66.7,0.5,2.6,3,1.9,0.8,1.2,0.4,1.7,17.1,1,0,-4.3,73,73.18627,-0.18627
145,24,58,45,13,17.8,6.4,2.5,5.4,46.5,0.9,2.5,36.1,0.5,0.7,69,0.5,2.7,3.2,1.4,0.8,0.4,0.1,1.5,13.3,0,0,0,73,72.81435,0.18565
146,28,81,42,39,26.5,15.1,5.4,12.7,42.8,2.7,7,38.3,1.6,1.8,87.5,0.3,3.1,3.5,1.7,1.1,0.9,0.4,1.5,24.4,0,0,0.1,79,80.47519,-1.47519
147,25,79,47,32,22.7,9,3.3,8.4,38.7,1.5,4.3,35.3,0.9,1.2,78.5,0.4,3.5,3.9,2.9,0.9,0.9,0.3,1.3,20.5,1,0,-0.5,78,76.96322,1.03678
148,31,81,47,34,30.7,12.6,5.5,10.4,52.7,0.6,1.8,34.9,1.1,1.7,64.4,2.4,4.1,6.5,2.5,1.5,1.5,0.4,2.4,28.5,10,0,1.7,79,79.83733,-0.83733
149,21,72,29,43,20.8,10.5,4.3,7,61.6,0.5,1.4,33.3,1.5,1.9,78.1,1.6,4.7,6.3,1.3,0.8,0.3,0.9,1.8,23,14,0,-1.5,78,79.18052,-1.18052
150,21,3,2,1,12,5.7,2.7,5.3,50,0,0,0,0.3,0.7,50,3,2,5,0.3,1,0.7,0.7,2,15.2,1,0,-6,70,76.31279,-6.31279
151,19,52,20,32,14,4.8,1.9,4.5,41.5,0.4,1.3,31.9,0.6,0.9,68.1,0.7,2.1,2.8,1.5,0.6,0.4,0.1,1.1,11.3,0,0,0,73,72.16992,0.83008
152,27,51,13,38,14.9,6.2,2.2,5.4,41.1,1.5,3.8,38.1,0.4,0.5,78.3,0.3,1.2,1.4,0.5,0.5,0.5,0.1,1.5,10,0,0,-2.2,72,70.47442,1.52558
153,23,25,20,5,3.7,0.9,0.4,0.7,50,0.2,0.4,40,0,0.1,33.3,0.3,0.4,0.7,0.2,0.2,0.1,0,0.4,2.2,0,0,-0.4,70,69.382744,0.617256
154,31,53,26,27,24.5,10.3,3.5,8.6,40.3,2.6,7,37.1,0.7,0.9,79.6,0.3,1.8,2,1.4,0.8,1,0.1,1.7,17.4,0,0,-0.2,75,74.63981,0.36019
155,20,44,10,34,25.2,10.3,4.1,8.4,48.5,0.1,0.7,18.8,2,2.5,79.5,2,5,7,1.8,1.5,0.6,1.3,3.5,25.6,7,0,-6.6,78,77.551476,0.448524
156,32,51,35,16,23.1,6,2.2,5.4,41.8,1.2,3.1,37.3,0.4,0.5,72,0.9,3.3,4.2,1.6,0.9,0.5,0.4,2.4,15.3,0,0,2.1,75,72.85938,2.14062
157,32,1,0,1,34.5,8,3,9,33.3,1,4,25,1,2,50,2,1,3,1,1,0,0,4,12.1,0,0,-10,78,81.634834,-3.634834
158,24,48,33,15,10.9,3,1,3.1,33.6,0.5,1.4,35.4,0.5,0.8,59,0.3,1.2,1.5,0.5,0.7,0.3,0.2,0.9,6.5,0,0,-2.3,68,69.36011,-1.36011
159,24,78,37,41,33.7,15,6,11.3,52.9,0,0.1,0,3.1,5.1,60.5,5.1,10.9,16,3,2.6,1.5,1.6,3.2,45.5,62,0,-0.7,87,86.5398,0.4602
160,33,24,7,17,9,1.5,0.7,1,68,0,0,0,0.1,0.1,100,1.1,2.2,3.3,0.6,0.8,0.2,0.5,1.7,7.7,0,0,-1.2,74,74.3951,-0.3951
161,21,19,3,16,16.5,7.9,2.8,7.5,37.1,0.8,2.7,28.8,1.6,2.1,76.9,0.2,1.5,1.7,1.1,0.6,0.4,0.1,1,12.3,0,0,-0.3,69,68.508026,0.491974
162,29,58,28,30,34,21.4,7.5,17.2,43.8,1.9,5.6,34.5,4.5,5.7,78.5,1.3,6.1,7.4,5.8,2.8,0.7,0.3,2.4,39.1,16,3,1,86,83.73247,2.26753
163,25,82,43,39,36.3,22.6,8.3,18.1,46,2.4,6.5,37.5,3.6,4.5,79.1,0.7,3.7,4.4,4.5,2.6,1.2,0.4,2,37,4,0,2.2,87,87.00913,-0.00913
164,21,1,0,1,21.6,4,2,5,40,0,0,0,0,0,0,1,3,4,1,3,0,0,4,7.3,0,0,-8,69,75.99711,-6.99711
165,25,1,1,0,1.3,0,0,1,0,0,1,0,0,0,0,0,1,1,0,0,0,0,0,1.2,0,0,-2,66,68.695526,-2.695526
166,24,74,62,12,27.5,13.9,6,9.1,65.2,0,0,0,1.9,3.5,56,3.3,7.6,10.8,0.9,1.4,0.8,1.9,2.5,34.8,42,0,5.1,84,84.98974,-0.98974
167,25,33,14,19,19,7.1,2.6,4.7,54.5,0.1,0.1,66.7,1.8,2.6,71.8,2,3.3,5.4,0.9,1,0.4,0.6,2.5,17.1,1,0,0.7,77,73.67333,3.32667
168,32,72,32,40,16.8,5.3,2,4.4,44.9,0.4,1.5,28.2,0.9,1.3,72.2,0.6,1.5,2.1,0.9,0.7,1.1,0.2,1.9,12.4,0,0,-0.8,73,72.672386,0.327614
169,26,82,48,34,27,7.9,3.1,7.4,42.4,0.8,2.3,35.3,0.9,1.1,74.5,0.5,2.7,3.2,3.2,1.1,1,0.2,1.7,19,1,0,-0.6,74,74.0119,-0.0119
170,24,44,11,33,10.8,4.1,1.6,3.7,44.7,0.5,1.5,32.4,0.4,0.5,69.6,0.2,1.7,1.9,0.7,0.4,0.3,0,0.8,8.1,2,0,-0.9,69,69.685936,-0.685936
171,26,63,44,19,14.9,5.3,2,3.7,54.1,0.3,0.9,31,1,1.3,75.3,1.4,2.9,4.3,0.9,0.9,0.5,0.8,2.5,14.6,2,0,0,74,72.55094,1.44906
172,22,14,10,4,16.8,8.1,3,6.2,48.3,0.4,1.3,27.8,1.8,2.2,80.6,0.3,1.6,1.9,3.1,1.4,0.6,0.2,1.4,15.9,0,0,2.3,74,73.11528,0.88472
173,25,77,43,34,14.1,5.9,2.1,4.8,44,1.2,3.3,37.3,0.5,0.6,81.6,0.2,1.8,2,1,0.5,0.3,0.4,1.2,11.4,0,0,1.2,75,73.472115,1.527885
174,20,73,24,49,27.7,11.6,4.5,10.9,41.2,0.6,2.1,30.7,1.9,2.7,72.3,0.5,2.3,2.8,4.4,2.4,1,0.3,2.2,22.8,3,0,-5.7,78,75.90103,2.09897
175,23,26,8,18,17.5,5.2,2,4.9,41.4,0.4,1.2,36.7,0.7,1.3,57.6,0.3,2.5,2.8,1.9,1.8,0.8,0.5,1.5,13.4,0,0,-2.9,70,71.252556,-1.252556
176,21,20,9,11,12.3,3.1,1.1,2.7,39.6,0.2,0.9,16.7,0.8,1.2,66.7,1.1,0.9,1.9,0.5,0.4,0.2,0.7,1.2,8.2,0,0,-1.8,71,68.70213,2.29787
177,23,1,0,1,13.2,2,1,3,33.3,0,0,0,0,0,0,2,3,5,0,0,1,0,2,11,0,0,10,67,76.684944,-9.684944
178,28,62,18,44,24.9,10,4,7.7,52.4,0.8,2.3,35.5,1.1,1.4,77.9,1.6,6.3,7.9,1.5,1.4,0.6,0.8,2.6,24.6,15,0,-2.5,77,76.33758,0.66242
179,22,82,22,60,28.7,11,4.1,9.4,44,1.1,3.2,35.6,1.5,2,74.7,0.6,2.5,3.1,1.6,1.5,0.9,0.2,2.8,19,0,0,-3,75,74.72155,0.27845
180,26,30,16,14,30.6,14.3,5.4,13.7,39.8,1.7,5.7,30.6,1.7,2.3,73.9,0.3,2.3,2.6,3.8,2.3,0.8,0.3,2,23.9,0,0,-2.8,76,80.327255,-4.327255
181,22,1,0,1,2.2,2,1,1,100,0,0,0,0,0,0,0,1,1,0,0,0,0,1,3.2,0,0,-6,67,69.07329,-2.07329
182,26,67,32,35,12,2.1,1,1.8,54.1,0,0,0,0.2,0.4,37.9,1.2,2.9,4.1,1.2,0.6,0.5,0.8,1.7,11.9,2,0,0.1,72,71.66451,0.33549
183,19,78,28,50,21.9,5.9,2.3,6.4,36.4,0.6,2,31.8,0.6,0.9,72.1,0.5,1.8,2.3,3.2,1.7,0.8,0.2,2.3,15,1,0,-1.3,74,72.973656,1.026344
184,20,14,11,3,5.7,1.6,0.6,2,28.6,0.4,1.2,29.4,0.1,0.3,50,0.1,0.6,0.8,0.3,0.1,0.1,0.1,0.9,3.5,0,0,-3.1,71,69.005775,1.994225
185,32,65,23,42,24.8,8.4,3.1,7.3,41.8,1.4,3.5,39.2,0.9,1.2,76.9,0.3,2,2.3,1.9,1.2,0.9,0.4,2.1,16.7,0,0,-4,74,72.76889,1.23111
186,26,77,24,53,34.2,18.9,7,15.7,44.5,1.5,4.3,35.7,3.4,4.1,82.7,1,5.1,6.1,2,1.5,0.6,0.2,1.2,30,8,0,-4.2,82,82.039055,-0.039055
187,21,38,21,17,8.7,4,1.4,3.8,36.3,0.5,1.6,33.3,0.7,0.8,86.2,0.3,1.9,2.1,0.5,0.5,0.1,0,0.6,7.2,1,0,-0.1,69,69.9329,-0.9329
188,23,18,4,14,13.3,4.4,1.8,4,45.8,0.1,0.5,22.2,0.7,1,66.7,0.6,1.7,2.3,0.9,0.9,0.1,0.2,2.5,8.6,0,0,-2.5,65,70.19955,-5.19955
189,34,69,23,46,23.2,11.6,4.4,10,43.9,1.7,4.5,36.7,1.2,1.5,78.4,0.2,2.7,2.9,6.3,2.1,0.5,0,1.2,24.1,6,0,0.3,75,80.47751,-5.47751
190,23,31,16,15,24,12.6,5.2,10.7,48.2,1,2.6,38.3,1.3,1.7,74.1,1.4,3.5,4.9,1.9,1.5,0.8,0.3,1.6,23.2,3,0,-2.1,81,76.91563,4.08437
191,38,80,45,35,20.7,10.3,3.9,9.3,41.5,1.3,3.9,33.1,1.3,1.4,90.3,0.3,1,1.2,2.3,1.2,0.5,0.1,1.1,15.9,0,0,-1.9,77,75.32052,1.67948
192,27,72,25,47,22.3,7.1,2.5,5.3,47.4,0.7,2.1,33.3,1.3,1.6,83.6,1,2.1,3.1,1,0.8,0.7,0.3,1.9,14.3,1,0,-2.5,75,72.474174,2.525826
193,24,73,21,52,22.7,7.7,3,6.8,44.6,0.5,1.3,34.7,1.2,1.6,76.7,1.3,3,4.4,1,1.2,0.5,0.7,2.9,16.9,2,0,-3.6,73,72.179344,0.820656
194,26,78,27,51,25.3,10.8,3.9,8,49.1,1.9,4.6,41.9,1.1,1.3,82.7,0.7,2.7,3.3,1.6,1.2,0.4,0.3,2,18.3,2,0,-1.5,75,75.228264,-0.228264
195,27,76,39,37,25.9,8.8,3.8,6.6,57.2,0,0.1,14.3,1.2,2.1,57,2,4.8,6.8,1.5,1.1,0.6,1.4,2.7,24.1,10,0,2.2,77,75.70455,1.29545
196,23,57,43,14,14.2,4.6,2,3.2,62.7,0,0.1,0,0.5,0.8,68.2,1.1,2.6,3.6,1.8,0.9,0.6,1,1.6,15.5,1,0,2.8,77,77.12767,-0.12767
197,22,68,33,35,24.7,7.8,3,7.2,42.4,0.7,1.9,38,1,1.5,63.5,0.9,4.5,5.4,2.2,1.1,0.8,0.5,2.1,20.3,2,0,0.4,76,74.63851,1.36149
198,22,81,43,38,27.5,11.8,3.9,9.8,40.3,1.6,4.6,34.1,2.4,2.9,82,0.7,3.8,4.5,1.2,1.1,1,0.4,2.9,22.1,0,0,-1.4,76,80.09548,-4.09548
199,28,65,19,46,27.5,12.9,4.4,10.4,42,1.7,4.2,39.4,2.5,3.1,79.6,0.4,3.4,3.8,3.5,2.4,1.5,0.7,2.3,27,0,0,-2.5,77,77.18195,-0.18195
200,22,66,45,21,13.8,4,1.7,2.9,58,0,0.1,20,0.6,1.2,54.5,1.3,2,3.3,0.6,0.5,0.5,0.8,1.6,12.5,0,0,1.8,71,73.48081,-2.48081
201,25,42,14,28,13.8,4.2,1.6,3,54,0,0,0,1,1.5,68.9,1.7,2.6,4.3,0.8,0.5,0.4,0.5,1.3,12.7,3,0,0.3,71,72.3683,-1.3683
202,26,82,44,38,36.4,20.1,7.2,15.5,46.6,1.8,5,35.9,3.9,4.4,88.4,0.5,4.7,5.2,4,2.3,1.5,0.3,3.3,35.2,5,1,1.2,84,86.76565,-2.76565
203,22,77,34,43,31.2,16.1,6.1,13.5,45,2.1,5.6,36.6,1.9,2.7,70.7,1.1,5.1,6.3,1.8,1.8,0.6,0.4,2.1,27.8,17,0,-1.6,80,80.23182,-0.23182
204,33,82,50,32,36.9,27.5,10.5,19.3,54.2,1.8,5,36.7,4.7,6.5,73.1,1.2,7.5,8.6,9.1,4.2,1.4,0.9,1.7,54.1,52,18,1.3,98,95.402374,2.597626
205,20,52,24,28,34.2,10.2,3.9,10.8,36,1.7,5.7,30.5,0.6,1.4,45.1,1.3,5.6,6.9,7.2,2.6,1.7,0.8,2.3,34.3,13,2,-0.4,79,78.99457,0.00543
206,22,73,34,39,20,7.6,2.8,6.4,44.3,1.1,2.7,41.5,0.9,1,85.5,0.3,2.1,2.4,1.7,0.9,0.6,0.2,1.2,14.5,1,0,1.6,72,75.31652,-3.31652
207,25,48,25,23,29.9,13,5.1,10.5,48.5,1.3,3.4,38.5,1.6,1.8,88.2,0.5,2.8,3.3,3.2,1.4,0.9,0.3,2.7,23.7,1,0,-1.3,79,77.333275,1.666725
208,21,62,34,28,9.4,3.2,1.2,2.9,41,0.5,1.3,34.1,0.4,0.5,66.7,0.2,0.9,1.1,0.5,0.4,0.2,0.1,0.6,6,0,0,-0.4,72,70.29417,1.70583
209,40,65,39,26,20,8.9,3.1,7.1,43.4,1,3,33.3,1.7,2,84,0.3,1.9,2.2,2.5,1.6,0.7,0.2,1.9,16.4,0,0,1.1,77,76.022064,0.977936
210,34,82,43,39,25.3,8.4,3.5,6.8,51.8,0,0,0,1.3,2,67.5,2.2,5.4,7.6,1.8,1.2,0.5,0.7,2.1,22.8,15,0,1.3,77,74.648766,2.351234
211,20,72,19,53,21.2,7.7,2.8,6.6,42.3,0.8,2.6,29.5,1.3,2.2,60.8,1.1,4.4,5.5,1.2,1.5,0.7,1,2.8,19.6,5,0,-4.1,74,73.97327,0.02673
212,32,78,33,45,25.7,9.5,3.3,7.2,45.8,1.6,3.9,41.3,1.3,1.6,82.9,0.9,3.8,4.7,1.2,0.8,0.7,0.5,1.5,19.8,3,0,0.9,76,75.83686,0.16314
213,27,38,21,17,18.7,4.3,1.4,4,36.2,0.8,2.1,37.2,0.7,0.7,92.6,0.4,1.3,1.7,3.8,1.3,0.4,0,1.8,11.9,0,0,-2.1,73,71.56756,1.43244
214,26,72,20,52,16.8,5.4,2.1,4.3,48.9,0.6,1.8,31.3,0.6,0.8,74.6,1,2.3,3.3,0.7,0.4,0.4,0.7,1.6,12.9,1,0,-1.8,73,72.2219,0.7781
215,26,52,23,29,16.1,4.6,1.5,4.4,33.2,0.3,1.1,23.7,1.4,1.7,82,0.7,1.9,2.7,2.2,1,0.8,0.4,1.9,14,0,0,-1.2,69,70.691124,-1.691124
216,26,53,14,39,20,7.6,2.7,5.9,45.8,1.2,3.2,37.1,1.1,1.2,91.9,1.1,3.3,4.3,1,0.8,0.6,0.5,1.5,16.8,2,0,-1.5,74,73.33527,0.66473
217,29,76,39,37,18.5,8.8,3.6,6.9,52.7,0.9,2.1,40.5,0.7,1,65.8,0.7,2.6,3.3,1.1,1,0.3,0.1,1.9,14.5,0,0,-1.1,76,73.93852,2.06148
218,24,76,39,37,17,11,4.6,7.2,63.5,0,0.1,14.3,1.8,2.9,62.6,1.4,2.7,4,1,0.9,0.5,0.7,1.9,19.9,0,0,0.7,76,78.26055,-2.26055
219,33,80,56,24,17.4,7.3,2.5,6.1,41.2,1.5,4.1,37.7,0.7,0.8,86.2,0.3,1.3,1.6,0.5,0.5,0.5,0.1,1.3,11,0,0,0.5,74,73.29269,0.70731
220,29,64,27,37,31,11.6,4.2,10.2,41.5,1.4,4.3,33.6,1.7,2,83.1,0.9,3.9,4.8,5.5,2,1,0.4,1.1,27.6,7,2,0.1,77,76.018974,0.981026
221,27,55,34,21,27.2,15.6,5.6,12.4,44.7,2.5,6.5,37.7,2,2.5,81.8,1.1,6.3,7.4,1.5,1.1,0.8,0.7,2,30,12,0,2.7,79,79.22357,-0.22357
222,32,65,41,24,26.2,8.3,3.6,7.6,46.8,0.8,2.3,33.3,0.4,0.7,54.3,0.5,3.6,4,8.2,2.3,1.1,0.2,1.8,26.8,15,2,0.3,79,77.10354,1.89646
223,24,48,30,18,15.5,6.5,2.8,5,56,0.1,0.6,12.9,0.8,1.2,66.1,1.2,3.2,4.4,1.3,0.5,0.4,0.6,2,16.2,1,0,-0.8,75,74.74883,0.25117
224,27,80,51,29,31.6,12.6,4.3,10.5,41.3,2.5,6.9,36.9,1.5,1.7,85.3,0.7,4.7,5.4,2,1.6,1.7,0.9,3,28.3,7,0,6.6,79,79.935585,-0.935585
225,30,64,23,41,26.4,11.8,5.3,10.1,53,0.1,0.2,28.6,1.1,1.4,75.6,2.1,2.4,4.5,1.9,1.7,0.2,0.8,1.7,21.6,3,0,-3.1,77,75.650505,1.349495
226,25,60,29,31,26.9,14.7,5.4,12.5,42.9,2.1,5.6,38.1,1.9,2.2,86,0.4,2.4,2.8,1.6,1.2,0.8,0.2,1.8,22.1,0,0,-1.2,75,78.090126,-3.090126
227,26,18,11,7,16.6,5.1,2,4.1,49.3,0.8,1.9,42.9,0.2,0.4,50,0.6,1.2,1.8,0.9,0.2,0.4,0.2,1.2,10.3,0,0,1.8,74,69.17762,4.82238
228,29,80,47,33,36.4,25.4,9.5,21.1,44.9,1.2,4.1,29.8,5.2,7.1,73.7,1.9,8.2,10.1,10.3,4.8,1.8,0.3,2.5,54.3,59,25,4.8,93,90.23197,2.76803
229,23,73,50,23,15.8,2.7,0.9,2.6,34.6,0.5,1.7,32,0.3,0.6,61,0.5,1.7,2.2,0.3,0.3,0.3,0.1,1.2,6.4,0,0,-2.5,68,69.76899,-1.76899
230,25,80,28,52,28.8,12.6,4.1,10.5,38.7,1.8,5.4,32.6,2.7,3.4,81.3,0.5,2.7,3.2,6.6,1.6,0.9,0.3,2.3,28.1,7,0,-1.2,79,78.79541,0.20459
231,30,81,48,33,32.2,11.8,5.2,10.7,48.7,0.7,2.2,32,0.7,1.1,59.8,2.3,4,6.3,1.9,1.3,1.7,0.4,2.2,27.2,9,0,2.6,78,78.04573,-0.04573
232,20,15,7,8,4.8,1.5,0.5,1.4,38.1,0.1,0.7,10,0.3,0.6,55.6,0.2,0.9,1.1,0.4,0.1,0.1,0.1,0.4,3.9,0,0,-0.6,68,70.20121,-2.20121
233,27,59,31,28,14.2,3,1.2,2.9,39.5,0.3,0.9,30.4,0.4,0.5,76.7,0.3,1.6,1.9,3.3,1,0.8,0.1,1.6,12,0,0,-1.5,72,71.22516,0.77484
234,23,52,29,23,15.5,5.8,1.9,5.1,37.5,1,3,33.5,0.9,1.1,79.3,0.3,1.1,1.4,1,0.7,0.2,0.1,1.9,9.2,0,0,-0.1,70,70.50026,-0.50026
235,26,73,39,34,22.5,7.2,2.8,5.3,52.3,0.6,1.4,46.5,1,1.3,78.1,1,2.2,3.2,3.9,1.1,0.7,0.2,1.8,18.5,0,0,1.1,76,76.70367,-0.70367
236,20,9,6,3,3.2,0.9,0.3,1.2,27.3,0,0.1,0,0.2,0.2,100,0.4,0.8,1.2,0.1,0,0,0,0.1,2.5,0,0,0.1,70,68.45567,1.54433
237,36,55,32,23,19.5,7.7,3.2,7.1,45.9,0.2,0.7,27,1,1.4,70.5,0.1,1.6,1.7,3.5,1.2,0.5,0,0.9,15.4,0,0,-0.2,76,73.608665,2.391335
238,35,46,15,31,25,6.5,2.6,4.1,64.7,0,0,0,1.3,2,62.4,2.9,6.2,9.1,1.2,1.3,0.3,0.6,2.3,20.7,4,0,-5.3,75,76.568054,-1.568054
239,26,75,48,27,34,23.1,8.5,17.9,47.7,2.1,5.8,37.1,3.9,4.9,79.9,0.6,4.6,5.2,4.3,2.9,2.4,0.8,2.3,42.3,3,0,4.5,88,93.42478,-5.42478
240,31,63,20,43,33.8,12.7,4.5,11.1,40.6,2.4,6.4,38.1,1.3,1.6,82.2,0.4,2.7,3.1,2.7,1.3,1.2,0.3,2.2,23.7,0,0,-5.1,77,75.8874,1.1126
241,24,22,4,18,7.4,2.2,0.8,1.9,40.5,0.2,0.5,50,0.4,0.9,45,0.4,1.3,1.6,0.2,0.5,0,0.6,1,5.9,0,0,-0.2,68,69.185356,-1.185356
242,25,42,26,16,15.5,6.7,2.4,5.9,39.9,0.6,1.8,32.9,1.4,1.9,76.9,0.4,2.5,2.9,0.7,0.8,0.4,0.1,1.2,12,0,0,0,74,72.29799,1.70201
243,23,68,37,31,15.5,6,2,5,39.3,1.4,3.6,38.1,0.6,0.7,89.8,0.3,1,1.3,0.6,0.5,0.5,0.1,1.7,9.9,0,0,0,74,73.17093,0.82907
244,33,76,64,12,26.3,7.6,2.9,5.5,52.8,0.8,2.3,36.2,0.9,1.3,70.6,0.7,3.3,4,3.4,0.8,1,0.5,1.3,21.3,0,0,6.9,79,80.21547,-1.21547
245,32,27,8,19,21.6,2.9,1.4,3,46.9,0,0,0,0.1,0.4,27.3,2.1,6,8.1,1.8,1.6,0.5,0.9,3.2,18,0,0,-1.3,73,74.062004,-1.062004
246,27,38,20,18,9,2.6,1.1,2.9,38.7,0.1,0.7,18.5,0.2,0.4,64.3,0.4,1.2,1.6,0.3,0.4,0.4,0.2,1.4,6.2,0,0,-3.4,68,69.712685,-1.712685
247,30,75,34,41,15.5,4.9,1.9,3.7,51.3,0,0,0,1.1,1.3,84,1.5,3,4.4,0.4,0.7,0.2,0.5,2.2,12.4,2,0,1.8,73,73.01902,-0.01902
248,24,74,43,31,27.8,12,4.4,9.9,44.2,1.5,4,37.1,1.8,2.6,69.1,0.3,1.9,2.2,2.8,1.6,0.6,0.1,2.5,19.6,0,0,-0.1,80,76.38093,3.61907
249,25,54,16,38,21.1,11,3.9,9.7,39.8,0.8,2.6,32.4,2.4,2.9,85.7,0.5,1.7,2.2,2.4,1.6,0.5,0.1,1.6,17.4,0,0,-6,74,74.719795,-0.719795
250,23,3,1,2,3.1,1.3,0.7,2.3,28.6,0,0,0,0,0,0,0.3,0.7,1,0.3,0.3,0.7,0.3,0,5.7,0,0,2.3,70,69.3456,0.6544
251,21,9,8,1,4.5,1.6,0.7,1.8,37.5,0.2,0.7,33.3,0,0,0,0.6,0.6,1.1,0.4,0.2,0.2,0.1,0.4,4.3,0,0,0.1,67,67.14754,-0.14754
252,20,5,2,3,10.3,2.8,1,1.4,71.4,0,0,0,0.8,0.8,100,0.4,1.6,2,0.6,0.8,0.6,0.2,1.2,7.7,0,0,-9,69,73.41064,-4.41064
253,22,16,1,15,5,2.3,1,2,50,0.1,0.4,14.3,0.2,0.3,60,0.6,0.6,1.2,0.1,0.2,0.1,0.1,0.4,4.4,0,0,3.1,69,68.49018,0.50982
254,32,61,43,18,31.5,18.1,6.1,12.9,47.6,2,5,41.1,3.8,4.3,89.2,0.7,4.3,5,9.2,2.4,2,0.1,2.4,41.8,24,1,9.5,91,92.435,-1.435
255,23,65,44,21,23.9,12.6,5.6,8.7,64.3,0,0,0,1.4,2.7,53.1,2.7,5.4,8.1,1,1.3,0.5,1.2,2.8,27.6,15,0,3.3,79,81.4266,-2.4266
256,28,62,23,39,8.6,1.7,0.7,1.4,52.3,0,0,0,0.2,0.4,68.2,0.8,1.7,2.5,0.4,0.3,0.4,0.4,1.4,7.4,1,0,-0.5,72,71.30607,0.69393
257,25,80,49,31,25,9.3,3.7,8.3,45.2,0.6,1.7,35.6,1.2,1.5,77,0.6,2.3,2.9,3.3,1.4,0.8,0.2,1.8,19.4,1,0,0.5,75,75.320366,-0.320366
258,28,81,51,30,31.7,12.7,5.1,7.1,71.4,0,0,0,2.5,5.2,48.2,3.7,10.1,13.8,1.2,1.4,0.6,1.7,2.6,36.4,41,0,5.6,87,86.266045,0.733955
259,22,5,1,4,3.4,2,0.6,0.8,75,0.2,0.2,100,0.6,1.2,50,0.4,0.4,0.8,0.6,0,0,0,0,3.9,0,0,0.2,68,74.38099,-6.38099
260,33,64,25,39,25.9,11,4.1,9.4,43.8,1.3,3.7,36.3,1.4,1.7,82.6,0.2,2.1,2.3,5.6,2.2,0.5,0.1,2.2,21.8,3,0,-1.5,74,76.8541,-2.8541
261,26,50,16,34,16.1,6.1,2.2,4.9,44.3,0.6,1.9,30.9,1.2,1.8,65.2,0.4,2.2,2.6,0.6,0.6,0.3,0.1,1.2,10.7,0,0,-1.2,72,71.03841,0.96159
262,20,7,6,1,3.5,1.4,0.4,1.9,23.1,0,0,0,0.6,0.6,100,0.1,0.7,0.9,0,0.3,0,0.1,0.7,2.6,0,0,-3.9,70,67.32952,2.67048
263,21,81,46,35,20.1,5.9,2.4,5.9,39.9,0.6,2,32.1,0.5,0.8,65.7,0.6,3,3.6,1,1,0.5,0.4,2.5,13.3,2,0,0.2,73,71.54087,1.45913
264,19,43,13,30,13.3,3.4,1.3,3.7,35.4,0.7,2.3,27.7,0.1,0.3,36.4,0.5,1.9,2.4,0.5,0.7,0.2,0.5,1.7,8.6,1,0,-0.6,72,68.92447,3.07553
265,25,77,30,47,17.3,6.7,2.5,4.9,51.5,0.3,1,28.4,1.4,1.8,75.9,1.2,2.8,4,0.6,0.4,0.8,0.5,1.8,15.9,2,0,-2.2,73,75.44079,-2.44079
266,28,73,32,41,24.9,9.6,3.9,8.5,45.7,1.1,2.8,37,0.8,1,77,0.5,1.6,2.1,2.2,0.8,0.7,0.4,1.8,18,0,0,-1.5,74,74.3442,-0.3442
267,31,49,33,16,31.5,16.9,5.9,12.4,47.7,1.9,4.8,40.3,3.2,4,80.1,0.5,2.9,3.4,4.2,1.7,1,0.2,2.3,29.3,0,0,5.3,82,83.6565,-1.6565
268,24,23,11,12,4,0.9,0.4,1.6,25,0,0.5,8.3,0.1,0.1,100,0.1,0.7,0.7,0.2,0.2,0.1,0,0.3,2.3,0,0,0.1,66,67.322426,-1.322426
269,31,47,32,15,11.4,5.6,2,4.9,40.9,0.8,2.4,35.1,0.7,0.9,80.5,0.3,1.4,1.8,0.7,0.5,0.2,0.1,1,9.3,0,0,0.2,72,72.59522,-0.59522
270,25,79,32,47,35.5,19.2,7.6,16.2,46.8,1,2.8,35.1,3.1,3.6,86.1,1.2,3.8,5,1.5,1.3,0.8,0.2,1.6,29.1,1,0,-1.7,81,82.08234,-1.08234
271,30,31,19,12,17.9,5.6,2.1,3.6,58.6,0,0,0,1.4,2.4,57.3,1.5,3.3,4.8,0.6,1.1,1.1,0.8,2.9,16.7,0,0,1,74,73.80735,0.19265
272,22,73,17,56,22.5,7.4,2.8,7,40.2,0.6,2,29.5,1.2,1.5,80.5,0.4,2.1,2.5,2.6,1.9,0.6,0.5,2.4,15.7,1,0,-1.6,73,71.499245,1.500755
273,20,38,8,30,16,7.5,3.3,6.3,52.9,0,0.1,0,0.8,1.3,65.3,1.1,3.1,4.2,0.8,0.8,0.4,0.9,1.7,16.6,4,0,-3.5,75,72.86785,2.13215
274,27,77,40,37,27.3,8.9,3.2,6.5,50,0.7,1.9,37.9,1.7,2.2,80.2,2.2,4.9,7.1,1.1,1.2,0.6,0.4,3.2,21,10,0,-0.4,75,75.71498,-0.71498
275,26,72,48,24,32.4,13.9,4.6,10,46.3,2.2,5.5,39.8,2.4,3,81.1,0.7,5.1,5.8,2.2,1.1,1,0.3,2.2,26.9,7,0,4.9,80,79.81414,0.18586
276,23,35,16,19,7.1,2.2,0.7,2.5,29.2,0.4,1.5,25.5,0.4,0.5,76.5,0.2,0.5,0.7,0.3,0.3,0.3,0.1,0.6,4.2,0,0,0,69,68.65247,0.34753
277,37,82,51,31,26.3,12.3,4.4,10.6,41.3,1.4,3.9,36,2.1,2.5,85.7,0.2,1.4,1.6,2.6,1.6,0.7,0.2,1.4,19.2,0,0,0.3,77,76.96905,0.03095
278,35,75,34,41,27.3,9.2,3.6,8.1,44.4,1.4,3.6,38.8,0.6,0.8,71.4,0.4,2.2,2.6,5.1,1.7,0.7,0.1,2.6,20.7,4,0,1.7,74,75.76612,-1.76612
279,30,69,26,43,22.2,9.2,3.2,8.1,39.4,0.8,2.8,27.5,2.1,2.4,86.3,0.6,2.5,3.1,1.2,1.1,0.5,0.2,1.5,15.8,1,0,-4.3,73,73.121864,-0.121864
280,25,62,27,35,18.4,9.7,3.6,7.9,46,0.7,2.4,28.1,1.8,2.1,85.3,0.5,3.8,4.3,1.2,0.6,0.4,0.4,1.6,18.4,1,0,-0.6,75,76.75865,-1.75865
281,28,36,13,23,24.5,14.5,4.9,11.1,43.8,1.6,4.3,37.2,3.2,3.9,81.6,0.3,3.4,3.8,5.1,2.4,1.2,0.4,2.2,29,3,0,-2.3,78,80.13522,-2.13522
282,28,3,1,2,23.8,11,3.7,10.7,34.4,0.7,1.7,40,3,3.3,90,1,3,4,4.3,3,0,0,1.3,19.3,0,0,-7,73,74.88686,-1.88686
283,27,76,40,36,37,23.9,7.5,16.5,45.5,1.2,3.3,36.7,7.7,8.9,86.5,1.7,4.5,6.2,5.5,2.1,1.9,0.4,1.5,44.4,15,2,2.7,90,89.59446,0.40554
284,32,46,17,29,22.1,5,2.2,4.4,49,0,0,0,0.7,1.7,43.6,3.5,5.2,8.8,2.2,1.3,0.7,0.8,2.8,22,5,0,-3.1,74,73.53741,0.46259
285,25,52,10,42,21.9,8.2,3,7,42.5,1.6,4.3,38.5,0.7,0.9,71.4,0.3,2.5,2.8,1,1.1,0.6,0.2,2.3,14.3,0,0,-5.5,72,72.89088,-0.89088
286,26,78,48,30,36.4,23.1,8.3,18.4,45.1,1.1,3.5,32.7,5.4,6.8,80.1,0.8,3.4,4.2,10.7,4.1,2,0.6,1.9,47.9,50,0,3.2,90,97.290306,-7.290306
287,27,78,60,18,17.9,6.2,2.3,5.4,42,0.4,1.3,29.4,1.3,1.7,75,0.3,1.8,2.1,1.6,1,0.6,0.3,1.9,12.9,0,0,2.7,75,72.15444,2.84556
288,30,22,6,16,17.3,4.9,2,5.4,37.3,0.6,1.4,41.9,0.3,0.4,66.7,1,2.3,3.4,2.3,1,0.5,0.2,1.4,13.2,0,0,-3.3,69,70.952805,-1.952805
289,24,49,28,21,10.3,4.2,1.6,3.4,45.6,0.4,1.3,30.3,0.7,0.8,84.2,0.3,1.4,1.7,0.3,0.6,0.4,0.4,1,8.3,0,0,-0.9,69,72.07914,-3.07914
290,26,74,54,20,33.4,25.5,8.6,17.7,48.5,2,5.2,38,6.3,7.2,88,1.1,4.7,5.8,3.5,2.1,1.8,0.7,1.6,43.3,9,0,5.9,95,93.75316,1.24684
291,22,42,25,17,9.2,4,1.5,3.8,39.2,0.2,0.5,31.8,0.8,1.2,71.4,0.1,0.9,1,1.4,0.7,0.4,0.2,0.9,8.3,0,0,-1.3,69,70.37356,-1.37356
292,32,56,31,25,12.3,4.6,1.6,3.8,40.7,0.3,1,35.2,1.1,1.5,78,1.1,2.6,3.7,0.5,0.5,0.3,0.4,1.2,11.2,0,0,-1.2,73,73.2804,-0.2804
293,31,72,52,20,32.4,17.3,6.9,14.6,47.7,0.3,0.8,41.1,3.1,3.8,81.2,2.4,4.9,7.3,1.9,1.4,0.6,1.2,2.2,33.1,18,0,3.8,85,84.18605,0.81395
294,24,57,34,23,19.1,4.4,1.8,2.7,66,0.1,0.2,25,0.8,1.2,65.7,1.4,2.8,4.3,0.7,0.8,0.9,1.6,2.4,17.3,0,0,3.1,73,73.57256,-0.57256
295,28,68,35,33,15.7,4.8,1.7,4.1,40.2,1.3,3.1,41.4,0.2,0.2,73.3,0.2,1.9,2.1,0.5,0.4,0.3,0.2,1.7,9,0,0,-0.1,70,70.111725,-0.111725
296,28,73,37,36,17.1,5.4,2,5.3,37.4,0.4,1.5,23.6,1,1.3,80.6,0.1,1.5,1.7,2.6,1.3,0.5,0,1.5,11.7,0,0,0.4,74,70.510216,3.489784
297,33,82,49,33,31.2,10.8,4.8,8.2,57.9,0,0,0,1.3,1.9,64.8,2.9,7.5,10.4,1.5,1.5,0.5,0.7,2.6,27.7,36,0,2.5,78,76.006195,1.993805
298,31,74,34,40,24,10.5,3.6,8.3,42.9,1.4,3.8,36,2,2.3,89.3,0.2,2.2,2.4,2,0.9,0.6,0.1,1.2,17.6,1,0,0.6,74,75.27483,-1.27483
299,23,5,2,3,9.5,2.8,0.4,1.4,28.6,0.2,0.4,50,1.8,2,90,0.2,1.6,1.8,0.6,0.4,0.2,0,1,6.1,0,0,-5,67,67.65954,-0.65954
300,27,79,36,43,32.5,14,5.3,12.7,41.8,1.5,4.5,33.1,1.8,2.3,78.4,1,3.7,4.6,2,1.1,0.7,0.3,2.1,24.4,5,0,-1.3,77,76.51403,0.48597
301,27,81,38,43,26.5,10.4,4.1,7.7,53.6,0,0.1,0,2.1,3.7,58,2.1,5.4,7.5,3.5,1.7,0.9,1.1,2.8,28.9,19,0,0,77,78.29722,-1.29722
302,26,76,39,37,26.1,7.6,2.7,7,39,1,2.8,36.7,1.1,1.3,85.4,0.3,1.6,1.9,4.7,1.8,0.7,0,2,17.3,0,0,-0.9,74,73.574554,0.425446
303,25,9,7,2,3.5,0.4,0.1,1.1,10,0,0.4,0,0.2,0.2,100,0.2,0.1,0.3,0.2,0,0,0,0.2,1.2,0,0,-0.3,70,68.04307,1.95693
304,29,69,35,34,33.2,20.5,6.7,14.6,46,2.5,6.1,40.8,4.6,5.3,85.9,0.4,3,3.5,6.3,2.3,1.3,0.3,1.8,36.7,8,0,2.7,87,85.09741,1.90259
305,28,45,19,26,10.8,2.5,1,2,47.8,0,0,0,0.6,0.9,64.1,0.8,1.3,2.1,0.5,0.7,0.4,0.3,1.6,7.1,0,0,-1.5,70,69.2251,0.7749
306,27,68,24,44,14.9,6.3,2.3,5.4,42.8,0.8,2.5,32.1,0.8,1,80.9,0.7,1.2,1.9,1,0.8,0.4,0.2,1.2,11,0,0,0,73,72.07439,0.92561
307,31,70,36,34,16.2,6.4,2.2,6,37.3,1.5,4.4,34.1,0.5,0.6,77.8,0.2,2.2,2.3,0.7,0.5,0.2,0.2,1.6,10.8,0,0,1,73,71.7123,1.2877
308,21,81,42,39,31.4,14.5,5.5,10.7,51.1,0.5,1.4,34.8,3,3.7,80.9,1.7,5.6,7.3,1.3,1.3,0.9,2.1,3.2,33,15,0,1.8,84,85.045876,-1.045876
309,29,65,28,37,18.3,6.2,2.3,5.5,42.4,0.9,2.7,31.6,0.7,0.9,73.8,0.9,2.9,3.8,1.2,0.9,0.6,0.3,2.4,14.4,3,0,-0.2,72,71.92084,0.07916
310,26,70,37,33,24,10.6,3.7,8.9,41.3,1.8,5.4,34.2,1.4,1.8,77.3,0.9,4.6,5.5,1.1,1.1,0.8,0.8,1.8,22.3,8,0,2.8,76,76.013664,-0.013664
311,24,35,26,9,13.5,2.8,0.9,2.5,37.9,0.3,1,35.3,0.6,0.6,90.9,0.7,1.6,2.3,0.6,0.5,0.3,0.3,1.5,7.7,0,0,1.9,69,70.11042,-1.11042
312,30,31,12,19,15.6,2.7,1,2.1,47.7,0,0,0,0.7,1.3,59,1.5,3.7,5.3,0.5,0.5,0.2,0.3,1.6,10.8,1,0,-1.9,71,71.09528,-0.09528
313,23,55,35,20,15.6,4.2,1.9,3.7,50.2,0,0.1,14.3,0.4,0.6,68.8,1.2,2.2,3.4,0.3,0.6,0.5,0.8,2,11.9,0,0,-0.9,72,71.578514,0.421486
314,32,69,40,29,34,18.1,6.2,14.1,44.2,1.1,3.5,31.1,4.5,5.9,76.8,1.6,6.1,7.7,3.7,2.3,1.3,0.9,2.7,37.1,19,0,2,87,84.54105,2.45895
315,20,41,18,23,11.2,3.5,1.4,3.8,36.5,0.6,2,32.1,0,0.1,40,0.1,1.1,1.2,0.6,0.3,0.5,0.2,0.8,7.5,0,0,-1.9,70,70.86831,-0.86831
316,25,40,24,16,8.6,2.5,1,2.3,45.1,0.3,0.8,32.3,0.2,0.2,88.9,0.1,0.7,0.8,0.9,0.4,0.5,0.1,1.2,6.3,0,0,2.1,72,69.99071,2.00929
317,29,81,40,41,28,10.4,4.7,9.6,49.3,0,0,0,0.9,1.3,72.1,3,3.4,6.4,1,1.1,0.2,1.4,1.9,23.4,8,0,0.9,76,77.422005,-1.422005
318,27,70,14,56,25.1,13.1,4.4,10.5,41.5,1.5,4.4,34.1,2.9,3.5,84.3,0.3,3.7,4,2.2,1.9,0.6,0.1,1.7,21.6,4,0,-3.2,74,75.92706,-1.92706
319,27,79,37,42,30.7,14.8,6,12.4,48,1.6,4,39.1,1.4,1.6,85.6,1.6,5.2,6.8,0.9,1.3,0.5,1.6,2.7,29.4,11,0,-1.8,80,80.650894,-0.650894
320,26,80,34,46,29.7,7,2.3,6,38.3,1.2,3.4,34.8,1.3,1.6,80.5,0.6,3.2,3.8,1.8,1,0.9,0.4,2.3,17.2,0,0,0.1,72,72.15208,-0.15208
321,23,59,28,31,16.6,5.7,1.9,4.8,40,0.6,1.7,32.4,1.3,1.6,78.7,0.4,2.2,2.7,0.9,1,0.7,0.5,1.6,12.8,0,0,-0.5,75,71.60687,3.39313
322,26,65,26,39,23.5,7.1,2.5,6.2,40.3,0.6,2,31.3,1.5,2,76,0.5,2.1,2.7,5.2,1.6,0.9,0.1,2,19.4,7,1,-1.3,73,70.17331,2.82669
323,25,79,42,37,27.3,14.5,5.3,11.5,45.5,1.9,5.3,35.7,2.1,2.7,76.6,0.4,2.4,2.8,2.3,1.3,0.7,0.2,1.3,22.6,0,0,2,80,78.79106,1.20894
324,22,69,23,46,17.2,6.4,2.1,5.2,40.2,0.7,2.3,31.1,1.5,1.8,85.4,0.4,1.8,2.2,1.1,1.1,0.5,0.1,2.2,11.4,0,0,-0.8,72,71.96075,0.03925
325,24,82,37,45,31.3,16.1,6.2,13,48.1,1.3,3.8,34.7,2.3,2.8,84.1,0.8,4.3,5.1,1.7,1.2,0.7,0.5,1.6,27.2,3,0,0,78,80.83979,-2.83979
326,24,57,35,22,12.3,5,2,4.5,45.5,0.5,1.2,44.3,0.4,0.5,75.9,0.1,0.7,0.8,1.8,0.8,0.2,0.1,0.9,8.6,0,0,-2.8,71,72.06794,-1.06794
327,21,61,15,46,18.4,7.3,3,7.2,42.1,0.3,1.3,26.6,0.9,1.2,77.5,0.3,1.2,1.6,3.7,1.3,0.8,0.1,1.2,16,6,0,-2.3,75,72.81124,2.18876
328,40,73,36,37,24.7,8,2.6,6.7,39.4,1.5,4.1,37.8,1.2,1.6,76.5,0.5,2.6,3.1,1.8,0.7,0.8,0.5,2.2,17.8,0,0,2.2,74,74.462326,-0.462326
329,29,62,35,27,24.2,10.5,3.7,9,41.6,2.4,6.4,37.8,0.6,0.7,86,0.3,1.8,2.1,1.1,0.5,0.6,0.1,1.1,16.1,0,0,1.4,74,75.70498,-1.70498
330,29,68,40,28,11.9,2.7,1.1,2.9,36.5,0.4,1.7,24.6,0.2,0.3,64.7,0.4,2.3,2.7,0.3,0.3,0.4,0.4,1.2,8.8,0,0,-0.8,71,70.51408,0.48592
331,30,73,29,44,34.2,13.5,4.6,11.6,39.3,2.4,6.6,36.3,2,2.5,81.6,0.2,3.3,3.5,2.9,1.4,1.1,0.2,2.2,24.5,0,0,-2.6,77,76.52936,0.47064
332,21,21,15,6,4.4,0.9,0.2,0.9,26.3,0.1,0.5,30,0.2,0.6,41.7,0.2,0.5,0.7,0.1,0.2,0.3,0,0.5,2.5,0,0,-0.3,65,69.10874,-4.10874
333,23,10,3,7,6.8,2.9,1,2.4,41.7,0,0,0,0.9,1.4,64.3,1.4,2.4,3.8,0.5,0.6,0.4,0.5,1.5,10.3,1,0,0.1,70,71.509384,-1.509384
334,32,65,59,6,26.6,7,2.7,5.7,47.8,0.8,2.4,35.1,0.8,1.3,61.4,0.8,3.2,4,3.4,1.2,1.1,0.3,1.6,20,1,0,7,81,77.755936,3.244064
335,24,70,48,22,22.2,4.8,1.9,3.9,49.6,0.5,1.5,31.1,0.5,0.8,61.1,1.1,2.5,3.6,0.7,0.5,0.8,0.6,1.9,13.7,0,0,3.7,74,71.65814,2.34186
336,31,70,62,8,20.7,5.4,2.5,4,62.7,0,0,100,0.3,0.7,48,1.7,5.3,7,2.3,1.2,0.5,1.6,3.2,22.4,5,0,5.7,77,85.91247,-8.91247
337,23,29,4,25,20.6,4,1.3,4.3,31,0.7,2.4,28.6,0.6,0.7,85,0.3,2.1,2.4,0.7,0.5,0.5,0.2,1.2,9.3,0,0,-1.2,69,68.02601,0.97399
338,30,68,46,22,13.6,5.6,2,4.9,40.8,1.2,3,38.7,0.4,0.6,74.4,0.1,0.8,0.9,0.4,0.3,0.3,0.1,0.9,8.2,0,0,1.6,73,71.32313,1.67687
339,21,57,14,43,19.5,8.9,3.1,7.4,41.7,0.4,1.7,23.2,2.3,3.4,67.4,0.5,2,2.5,2.1,1.8,0.5,0.2,1.5,15.3,1,0,-3.7,72,72.34072,-0.34072
340,27,54,47,7,9.4,5.5,1.9,3.2,60.3,0,0,0,1.6,2.1,76.3,1.4,2.2,3.6,0.4,0.5,0.2,0.4,1,11.8,3,0,1,75,76.62268,-1.62268
341,27,79,21,58,26.8,11.2,4.1,9.5,43.3,1.6,4.3,38.2,1.4,1.7,83.3,0.5,2.8,3.2,1.3,1.5,0.4,0.1,1.5,16.8,1,0,-4.9,76,74.01907,1.98093
342,28,12,6,6,17.7,6.9,2.9,4.3,67.3,0,0,0,1.1,2,54.2,1.2,2.4,3.6,0.5,0.8,0.4,1.3,1.8,16.1,0,0,-4.7,76,72.129745,3.870255
343,20,6,6,0,7.1,0.5,0.2,2,8.3,0.2,1.2,14.3,0,0,0,0.2,0.2,0.3,0.2,0.7,0.3,0.2,0.3,2,0,0,-1.3,66,67.962135,-1.962135
344,24,80,44,36,34.7,20.8,8,17.9,44.8,2.5,5.9,41.7,2.3,2.8,82.7,0.6,2.7,3.2,4.3,2.5,1.2,0.3,2.3,33.2,2,0,2,83,85.966324,-2.966324
345,31,74,50,24,32.7,19.5,7,15.1,46.2,1.6,4.4,37.1,4,4.4,89.6,0.5,3.7,4.2,10,2.6,2.1,0.2,2.5,43.6,38,0,7.5,91,93.96307,-2.96307
346,27,60,41,19,13.3,5.5,2.2,3.8,59.6,0,0,0,1,1.4,71.4,1.4,3.4,4.8,0.8,1.1,0.8,1.1,2.3,17.2,3,0,-0.4,74,75.51743,-1.51743
347,25,75,40,35,35.7,25.1,8.2,19.7,41.9,3.1,8.1,37.5,5.5,6.2,89.2,0.6,3.4,4,6.8,3.2,0.9,0.4,2.2,40.6,15,0,1.3,89,88.61481,0.38519
348,25,80,32,48,17.9,9.3,3.2,7.1,45,0.6,1.9,29.3,2.4,3.2,75.8,0.6,3.1,3.7,0.9,0.8,0.4,0.1,0.9,15.8,4,0,-2.6,73,75.23467,-2.23467
349,26,81,73,8,34.7,14,5,10.1,49,1.2,3.2,38.8,2.8,4.1,69.6,1.7,7.8,9.5,7.4,3.2,1.5,1.4,3,41.8,33,13,13.2,90,99.97787,-9.97787
350,30,71,34,37,32.1,13.7,5.2,8.5,62,0,0.1,0,3.3,6.7,48.9,3.4,8.4,11.8,1.4,2.3,1,1.6,3.1,35.3,38,0,0.3,84,82.70501,1.29499
351,26,46,42,4,16.7,7,2.7,5,54.8,0,0,0,1.5,2.9,53,2,3.6,5.6,0.7,0.8,0.4,1.1,2,18.3,6,0,4.8,76,76.60279,-0.60279
352,21,76,31,45,32.1,12.3,4.7,10.1,46.9,1.4,3.9,35.4,1.4,1.8,82,0.7,2.2,2.9,1.9,1.3,1.3,0.2,1.9,21.9,0,0,-2.8,76,76.97505,-0.97505
353,22,45,24,21,11.3,3.8,1.4,3.4,43,0.3,0.8,37.8,0.6,0.9,69.2,0.3,1.2,1.5,0.6,0.4,0.4,0.2,0.5,7.8,0,0,-0.8,70,71.09008,-1.09008
354,29,23,9,14,20,5.7,2,6,32.6,0.8,3.2,24.7,1,1.1,84.6,0.2,1.8,2,4,1.7,0.4,0,1.8,13.6,0,0,-4.1,71,73.8472,-2.8472
355,34,39,12,27,26.6,7.7,2.9,7.9,36.8,1.1,3.7,29.9,0.8,0.9,85.7,0.5,2.5,2.9,4.9,1.7,0.6,0.1,2.6,19.1,0,0,-3.4,72,75.75105,-3.75105
356,25,22,11,11,14.9,7.2,2.5,5.1,47.8,1.2,2.6,44.8,1.1,1.5,73.5,1,1,1.9,1,0.9,0.7,0.2,1.3,13,0,0,-2,71,71.428535,-0.428535
357,20,29,12,17,6.9,1,0.4,1.2,30.6,0.2,0.9,23.1,0,0.1,25,0.1,0.8,0.9,0.3,0.2,0.2,0,0.6,3.1,0,0,-0.9,67,67.92297,-0.92297
358,30,76,33,43,15.5,7.2,3.2,6.6,48.5,0.1,0.2,25,0.7,0.9,80.6,0.7,2.2,2.9,0.8,0.8,0.4,0.9,2.1,15,1,0,-0.5,73,74.413155,-1.413155
359,26,51,25,26,12.9,4.3,1.7,3.2,53.7,0,0,0,0.8,1.2,72.9,1.1,2.3,3.4,0.4,0.5,0.4,1,1.5,12.7,2,0,1.1,74,72.214485,1.785515
360,27,52,21,31,28.9,10.4,3.6,8.4,42.3,1.9,4.4,43.7,1.3,1.7,77.8,0.4,2.3,2.7,3.1,1.4,0.9,0.2,2.1,20.3,1,0,-3.6,74,75.06246,-1.06246
361,28,3,3,0,14.5,7.3,2.3,6.7,35,1.3,3,44.4,1.3,1.3,100,0.3,1.3,1.7,1,0.3,0,0,0.7,10.5,0,0,3,74,67.63256,6.36744
362,28,81,40,41,15.3,4.2,1.5,3.6,42.6,1,2.6,38.6,0.2,0.2,72.2,0.2,1.6,1.9,1.2,0.8,0.7,0,1.2,9.6,0,0,0,73,71.17318,1.82682
363,25,22,10,12,8.9,4.5,1.5,3.5,43.6,0.5,1,45.5,1,1.3,75,0.2,0.7,0.9,1.1,0.7,0.1,0,0.8,7.2,0,0,2,70,68.560356,1.439644
364,21,16,9,7,3.6,1.3,0.5,1.4,36.4,0,0,0,0.3,0.6,50,0.4,0.4,0.8,0.1,0.1,0,0.7,0.3,4.4,0,0,0.4,71,69.77127,1.22873
365,26,65,27,38,28.2,16.8,6.3,14.4,43.9,1.3,4,33.6,2.8,3.3,84.3,0.4,2.6,3,6,2.6,1.4,0.3,2.3,31.9,5,0,0.4,79,82.02395,-3.02395
366,27,53,28,25,14.6,4.5,1.7,4.3,38.6,0.7,2,34.3,0.5,0.7,73,0.2,1.5,1.7,1.1,0.7,0.6,0.4,1.2,10.3,0,0,-1.7,70,70.95143,-0.95143
367,25,72,60,12,33,21.2,7.7,15.1,50.6,1.8,4,44.3,4.1,4.6,87.4,1.3,5.5,6.8,2.6,1.5,1.8,1,1.8,40.1,12,0,9.1,93,91.177055,1.822945
368,25,69,40,29,20.2,10,3.7,8.1,45.5,1.2,3,40.5,1.4,1.9,75,1,3,4.1,1.5,1.1,0.8,0.5,2.4,19.7,1,0,3.2,76,76.60407,-0.60407
369,26,81,47,34,35.6,20.9,7,16.4,42.7,2.2,6,37.1,4.6,5.4,84.7,0.7,3.7,4.4,5.2,2.1,1.6,0.5,1.4,37.9,3,0,3,85,88.0434,-3.0434
370,27,72,52,20,35.8,28.2,9.7,19.2,50.5,2.6,6.7,38.7,6.2,6.9,89.8,0.6,7.6,8.2,5,3.5,1,1.2,1.9,48.5,27,1,9,93,97.13055,-4.13055
371,27,78,32,46,19,6.8,3,5.7,53.2,0,0,0,0.7,1.3,54.8,2.2,3.3,5.4,0.4,0.6,0.5,0.9,2.4,17.5,5,0,-2.9,74,72.501625,1.498375
372,28,68,43,25,14.4,3.4,1.3,3.3,38.9,0.4,1.4,30.9,0.4,0.6,65.9,0.7,1.3,2.1,0.4,0.5,0.4,0.1,1.8,7.7,0,0,-0.3,71,68.96632,2.03368
373,24,53,37,16,31.5,19.6,7.4,16.6,44.8,1.6,4.9,32.1,3.2,3.6,88.5,0.8,2.1,3,4.7,2.3,1.1,0.3,2,32.1,1,0,3.9,89,86.49619,2.50381
374,25,69,36,33,19.9,8.3,3.3,6.9,48.1,0.4,1.1,38.5,1.3,1.6,78.4,0.6,2.7,3.2,1.9,1.4,0.6,0.1,2,16,1,0,-0.9,86,74.34893,11.65107
375,31,76,56,20,35.6,25.3,9.7,18.6,52,1.1,3.7,30.9,4.7,6.5,73.1,1.5,6,7.4,6.8,3.3,1.4,0.6,1.9,47.1,28,3,8.1,96,96.84813,-0.84813
376,33,68,60,8,15.9,6.4,2.5,5.4,46.2,0.6,1.6,35.5,0.8,0.9,83.9,0.4,1.3,1.7,1.2,0.8,0.6,0.1,1.6,11.8,0,0,0.6,73,73.08752,-0.08752
377,36,76,50,26,21.5,8.7,3.5,7.9,45,0.9,2.1,40.4,0.8,1.1,72.6,1.1,3.6,4.7,0.9,0.9,0.6,0.4,2.3,17.7,3,0,-0.3,74,75.08729,-1.08729
378,31,74,45,29,32.4,12.3,4.6,10.1,45.5,1.2,3.5,34.4,2,2.6,75.5,1.5,4.5,6,1.9,1.1,1,0.4,1.6,25.4,13,0,0.3,78,77.46364,0.53636
379,33,53,8,45,16.4,4.5,1.8,4.3,42.2,0.3,1.2,26.2,0.5,0.5,93.1,0.3,1.4,1.7,3.4,1.5,0.5,0.1,1.4,12,0,0,0.4,72,72.22905,-0.22905
380,30,68,27,41,24.6,10.2,3.6,9.3,38.6,1.3,4.4,30.6,1.7,2,83.3,0.1,1.6,1.7,1.9,1.2,0.5,0,1.3,15.6,0,0,-2.7,72,74.08078,-2.08078
381,26,64,22,42,25.5,12,4.8,11.2,42.5,0.7,2.4,30.3,1.7,2.3,73.5,1.1,4.4,5.5,1.9,2.1,0.9,0.5,2.9,23.7,2,0,-1.4,76,76.61149,-0.61149
382,25,76,54,22,24.6,7.5,2.7,6.7,40.5,1.3,3.1,41,0.8,0.9,86.4,0.4,1.7,2.1,4.4,1.5,0.6,0.1,2.3,17.3,1,0,5,75,76.52973,-1.52973
383,28,56,33,23,31.4,15.3,5.3,12.4,42.2,1.4,3.8,36.3,3.4,4.1,83.4,0.5,2.5,2.9,6.1,1.5,1.2,0.3,1.8,30.9,4,0,1.2,85,82.538506,2.461494
384,24,60,34,26,9.4,3.3,1.3,2.5,50,0.2,0.7,30.8,0.5,0.7,79.5,0.6,1.3,2,0.6,0.5,0.2,0.5,1.2,8,0,0,-0.6,72,72.43885,-0.43885
385,28,60,20,40,17.9,5.1,1.8,3.9,46.8,0.8,2.1,38.4,0.7,0.9,72.7,0.8,2.7,3.5,1.4,0.8,0.4,0.4,2.6,13,3,0,-2.1,72,70.85852,1.14148
386,23,75,36,39,30.3,11.6,4.5,9.6,47.3,1.3,3.6,36.7,1.3,1.7,75.4,1.3,3.9,5.2,1.6,0.9,1.4,0.4,2.2,24.8,5,0,0.6,76,77.43808,-1.43808
387,23,34,17,17,4.2,1.1,0.4,1.4,26.5,0.1,0.6,23.8,0.1,0.1,100,0.3,0.6,0.9,0.3,0.3,0.1,0,0.2,2.5,0,0,-0.4,69,68.96729,0.03271
388,25,59,21,38,14.8,5.2,2,3.6,55.6,0.3,0.8,38.8,0.8,1.2,73.5,1.1,2.1,3.2,0.5,0.5,0.5,0.4,1.7,12,0,0,-2.1,72,74.10476,-2.10476
389,24,1,1,0,6.1,4,2,2,100,0,0,0,0,0,0,1,0,1,0,0,0,0,1,5.2,0,0,-10,66,71.46997,-5.46997
390,30,82,41,41,20.3,9.9,3.4,7.2,47.3,0.4,1.4,32.4,2.6,3.5,75.6,0.3,2.2,2.5,2.9,1.4,0.6,0.1,1.2,17.7,3,0,-0.7,74,75.8948,-1.8948
391,24,81,40,41,18.5,5.9,2.2,5.2,43.1,0.8,2,39.5,0.6,0.9,74.3,0.2,1.3,1.5,2.1,1.3,0.8,0,1.5,11.9,0,0,0.9,73,72.864204,0.135796
392,25,41,30,11,11.6,3.3,1.3,3.6,37.7,0.4,1,35.7,0.3,0.4,80,0.2,1,1.1,1.5,0.6,0.3,0.2,0.7,7.7,0,0,0.5,71,71.158455,-0.158455
393,25,37,22,15,11.6,3.3,1.2,2.6,43.9,0.6,1.4,41.5,0.4,0.4,93.3,0.4,1.5,1.8,0.7,0.2,0.3,0.1,0.8,7.4,0,0,-1.6,70,70.80518,-0.80518
394,25,67,10,57,28.4,12.8,4.1,10.6,38.5,2.5,7.2,35.3,2.1,2.6,79.1,1,5.3,6.3,1.4,2.1,1.6,0.6,3.5,26.8,7,0,-4.2,76,76.47068,-0.47068
395,27,80,55,25,34.4,23.5,8.2,18.1,45.4,1.3,4.3,29.6,5.8,7.2,81.2,1.8,6,7.8,10.4,4.3,2,0.3,2.5,51.1,54,18,7.9,93,92.27859,0.72141
396,26,78,54,24,32.1,12.6,5.3,11.1,47.9,0.8,2.4,32.6,1.2,1.6,75.2,1.8,5,6.8,0.8,1.4,0.5,1.9,2.7,27.8,9,0,6.8,79,80.326096,-1.326096
397,28,79,71,8,34.2,30.1,10.2,20.2,50.4,5.1,11.2,45.4,4.6,5.1,90.8,0.9,4.6,5.4,6.7,3.3,2.1,0.2,2,50.3,15,2,12.9,94,104.964836,-10.964836
398,24,50,24,26,20.9,8.7,3.3,7.3,45.2,0.5,1.6,31.6,1.5,2.3,66.4,1.2,3,4.2,0.8,1,0.5,0.8,1.7,17.7,0,0,-4.8,74,73.64265,0.35735
399,25,73,53,20,23.9,9.9,3.7,8.6,43.1,1.8,4.6,38.6,0.7,0.8,79,0.3,2.2,2.5,0.8,0.6,0.7,0.3,1.6,16.7,1,0,3.3,75,74.68147,0.31853
400,32,75,42,33,23.4,6.4,2.5,4.9,50.7,0.6,1.6,34.1,0.8,1.3,62.6,0.7,3.8,4.5,1.4,0.9,1.1,0.5,1.5,17.9,1,0,-0.3,75,74.94412,0.05588
401,28,79,39,40,20.7,5.9,2.4,4.9,49,0.2,0.5,29.3,0.9,1.3,67,2.1,3.6,5.7,1.1,1,0.7,0.5,2.1,17.1,4,0,0.8,73,72.919205,0.080795
402,23,64,31,33,21.3,10.6,4.1,9.9,41.3,1.4,4,34.4,1,1.3,81.7,0.3,1.5,1.8,2.3,1.3,0.5,0.1,1.3,16.9,0,0,0,73,75.92263,-2.92263
403,20,80,38,42,17.3,6.1,2.4,5.5,43.8,0.6,1.6,38.3,0.7,1,69.5,0.7,3,3.7,0.7,0.8,0.3,0.2,1.4,12.5,2,0,-0.6,72,72.35471,-0.35471
404,28,66,31,35,21.4,5.7,2.1,5.4,39.3,0.5,1.6,33.3,0.9,1.3,68.6,0.4,1.4,1.8,3.6,1.4,0.8,0.1,1.3,14.5,1,0,-2.4,73,70.97434,2.02566
405,33,66,18,48,24.5,7.2,2.8,4.8,58.3,0,0,0,1.6,2.6,62,2.7,6.1,8.7,1,1.4,0.5,0.7,2.2,21.3,20,0,-6,74,74.33051,-0.33051
406,39,60,33,27,16.8,6.6,2.2,5.7,38.8,1,2.8,34.9,1.2,1.4,83.3,0.5,1.9,2.4,0.9,0.6,0.6,0.3,1.7,13,0,0,-0.6,74,73.6665,0.3335
407,25,82,33,49,28.7,14.4,5.2,12,43.2,1.4,4,34.5,2.6,3.3,80.6,0.7,5.1,5.8,2.5,1.7,0.9,0.5,1.8,27.4,6,0,-1.6,78,79.32539,-1.32539
408,34,68,37,31,29.7,15.3,6.3,13.3,47.5,0.1,0.4,23.1,2.5,3.2,79.6,2.6,5.1,7.8,2.1,1.5,0.6,0.2,2.1,28.7,17,1,-0.2,80,78.79127,1.20873
409,30,82,50,32,23,11.6,4.2,10,42.1,1.5,3.8,38.7,1.8,2.1,83.3,0.4,1.6,2,3.2,1.9,0.7,0.2,2.3,19.4,1,0,2.5,75,76.50793,-1.50793
410,32,26,16,10,24.4,9.8,4.3,7.7,55.5,0,0.1,0,1.3,1.7,73.3,2.2,4.3,6.5,1.3,1.3,0.7,0.6,2.2,22.4,2,0,0.2,76,76.62289,-0.62289
411,30,76,36,40,18.9,6.3,2.1,5.2,41,1.4,3.8,36.6,0.7,0.9,78.3,0.7,2.4,3.1,0.8,0.7,0.3,0.2,1.8,12.1,1,0,1.4,70,71.672646,-1.672646
412,22,76,46,30,20.6,7,2.7,6.5,40.9,0.5,1.7,29.8,1.1,1.7,67.5,0.4,1.6,2,2,0.9,0.6,0.2,1.9,14,0,0,-1.7,73,72.51397,0.48603
413,24,77,37,40,31.5,13.9,5.6,13.2,42.8,1.6,4.6,35.2,1,1.3,79,0.6,2.5,3.1,1.8,1.4,1.1,0.2,2.3,22.7,1,0,-1.1,77,76.94986,0.05014
414,26,67,47,20,35.2,21.9,8.6,17.1,50.2,0.1,0.4,40,4.6,6.4,72.8,1.9,5.7,7.6,5.3,2.3,0.9,0.5,2.9,41.1,18,0,8.7,88,94.76145,-6.76145
415,26,78,36,42,23.8,9,3.3,7.4,45.3,1.2,3.3,35.5,1.1,1.4,82.1,0.6,2.1,2.7,0.9,1,0.4,0.1,1.3,14.2,0,0,-2.3,71,73.980194,-2.980194
416,27,75,37,38,19.3,7.3,3.1,4.8,64.2,0,0,0,1,1.5,69.6,1.7,2.6,4.3,0.5,0.5,0.7,1.3,1.4,18.5,3,0,-0.2,75,75.82308,-0.82308
417,29,33,27,6,8.2,0.9,0.3,1.6,20.4,0.1,0.8,11.1,0.2,0.3,45.5,0.1,1.1,1.2,0.4,0.3,0.2,0.4,0.8,4.2,0,0,-3.8,65,67.684395,-2.684395
418,29,72,30,42,18.5,6.7,2.4,6.3,38.9,0.9,2.7,32.1,0.9,1,89.2,0.2,1.3,1.5,2.3,0.8,0.5,0.1,1,12.7,0,0,-1.2,72,72.51278,-0.51278
419,19,8,7,1,2.9,1.3,0.5,1.5,33.3,0.3,0.4,66.7,0,0,0,0.1,0.1,0.3,0,0.5,0,0.1,0.4,1.4,0,0,-3.4,65,68.35558,-3.35558
420,33,74,47,27,18.9,8.6,3.8,7.4,51.5,0,0,0,1,1.4,70.6,2,4.5,6.5,0.9,1.5,0.2,0.7,1.9,19.2,4,0,-0.1,76,76.612724,-0.612724
421,30,82,56,26,34.8,19.1,6.9,14.3,48.5,1.7,4.3,39.8,3.5,3.9,90,0.6,4,4.6,10.2,2.3,1.9,0.2,2.5,43.8,40,1,8.9,90,95.80593,-5.80593
422,32,29,17,12,8.8,1.7,0.8,1.6,47.8,0,0,0,0.2,0.4,54.5,0.6,1.1,1.8,0.7,0.3,0.3,0.1,1.3,6,0,0,1.3,68,71.23893,-3.23893
423,24,39,6,33,16.6,5.4,1.9,5.5,35.5,0.6,2.2,26.2,0.9,1.2,75,0.6,1.9,2.5,0.9,1,0.6,0.3,1.5,11.5,0,0,-4.2,68,69.68601,-1.68601
424,26,59,23,36,24.2,12.4,3.9,9.6,40.1,1.8,5.1,35.5,2.9,3.2,89.5,0.5,3.2,3.7,1.4,1,0.8,0.3,1.6,21.4,0,0,0.3,76,75.83609,0.16391
425,19,82,38,44,22.2,4.8,1.8,5.1,34.9,1,3.2,31.4,0.2,0.4,62.5,0.3,1.3,1.6,2.4,1.4,0.5,0.2,1.8,10.9,0,0,1.1,73,73.24171,-0.24171
426,27,58,22,36,17,6.6,2.7,6.6,40.4,0.4,1.9,23.6,0.8,1,78,0.9,2,2.9,1,0.8,0.8,0.4,2.5,14.6,2,0,-0.2,71,72.36661,-1.36661
427,32,49,37,12,18.5,7.9,3.3,6.4,51.1,0,0,0,1.4,2.1,65.4,1.7,3.6,5.2,1.7,1,0.6,0.5,1.7,19.3,1,0,0.5,76,77.06247,-1.06247
428,32,76,45,31,22.2,8.8,2.9,6.9,41.8,1.3,3.5,35.7,1.7,2.1,81.5,0.2,1.6,1.8,3.1,1.1,1,0.2,1.9,18.1,0,0,1.3,74,75.16407,-1.16407
429,25,59,17,42,14.3,3.7,1.5,2.7,56.2,0,0,0,0.6,1.1,53.1,2,3,5,0.2,0.9,0.3,0.8,2.4,12.4,2,0,-0.4,71,70.404854,0.595146
430,37,77,47,30,29.6,17.3,6.3,13.8,45.9,1.4,3.6,38,3.3,3.8,88.2,0.6,5.4,5.9,1.9,1.1,0.5,0.4,2.1,29,6,0,3.1,84,84.01209,-0.01209
431,24,71,48,23,28.7,12,5,9.9,50.4,0.7,1.9,36.8,1.4,2.3,60.2,1.9,4,5.9,1.8,1.7,0.8,0.5,2.9,24,7,0,1.4,75,76.88914,-1.88914
432,25,79,64,15,31.5,11.7,4.3,9.7,44.3,1.4,4.2,33.7,1.7,2.5,66,1.4,6.7,8.2,3.7,1.7,1.6,1.3,3.2,33.8,18,1,10.6,82,86.94843,-4.94843
433,23,29,11,18,8.2,3.1,1.1,2.3,46.3,0.1,0.4,27.3,0.9,1.1,75.8,0.6,1.1,1.7,0.3,0.4,0.3,0.2,1.4,6.8,0,0,0,68,69.324455,-1.324455
434,21,82,25,57,30.3,8.9,3.7,8.6,42.5,0.1,0.5,26.2,1.4,2.6,55.1,1.3,3,4.3,6.5,2.5,1.7,0.2,2.4,27.2,12,2,-2.5,76,78.13756,-2.13756
435,26,61,35,26,33.1,13.4,4.7,11.4,41.1,2.3,5.2,44.8,1.8,2.2,80.5,0.5,2.1,2.6,3.8,2,0.8,0.2,2.4,23.3,1,0,1.1,78,76.90004,1.09996
436,22,58,19,39,28.6,12,4.4,9.9,44,1.5,3.9,37.8,1.8,2.5,72.8,0.5,2.2,2.6,2.1,1.4,0.7,0,2,19.1,0,0,-2.5,72,74.90674,-2.90674
437,26,82,40,42,27.6,9.5,3.9,9.1,42.9,0.4,1.5,27.7,1.3,1.7,75.2,0.5,4.6,5.1,5.5,2.4,1,0.2,2.2,25.1,7,3,-1.2,74,77.2796,-3.2796
438,20,55,18,37,13.1,3.4,1.2,3.9,30.4,0.4,1.9,20.4,0.6,0.9,74.5,0.4,0.8,1.2,0.5,0.7,0.7,0.1,1.3,7.4,0,0,-3.1,65,70.74463,-5.74463
439,27,80,32,48,28.9,12.1,4.6,10.6,43.7,0.6,1.7,33.1,2.3,2.7,84.8,0.5,3,3.4,2.6,1.4,0.6,0.3,1.7,21.4,2,0,-0.4,74,75.50057,-1.50057
440,29,78,41,37,33.8,16.3,6.4,12.8,50.1,1.2,3.3,34.7,2.3,3,77.4,1,2.5,3.5,4.5,2.2,1,0.2,2.5,28.7,4,0,0.3,81,80.027016,0.972984
441,25,73,16,57,30,9.7,3.5,7,50.6,0,0.1,16.7,2.6,3.3,78.3,3.1,5.3,8.3,2,1.7,1,1.7,2.6,29.1,18,0,-5.2,74,76.77229,-2.77229
442,23,82,67,15,28.3,10.1,3.9,8,48.2,1.1,2.6,40.5,1.3,1.8,72,1.4,4.1,5.5,1.4,0.9,0.7,0.2,1.8,20.9,6,0,6.5,77,77.51825,-0.51825
443,25,73,14,59,19.2,8,3.3,6.9,47.4,0.1,0.3,18.2,1.5,1.9,77.4,1.7,3.3,4.9,1.1,1.4,0.5,0.4,1.8,17,4,0,-4.5,71,73.315895,-2.315895
444,24,71,13,58,25,8.8,3.2,7.6,41.3,1.6,4,40.1,0.9,1.3,70.8,0.7,2,2.8,1.2,0.9,0.8,0.4,2,16.5,0,0,-4.8,71,71.92788,-0.92788
445,26,67,40,27,25.8,16.4,5,11.9,42.1,1.9,5.2,37.3,4.5,5.2,86.8,0.5,1.8,2.3,4.2,2.1,0.9,0.1,2.2,26.2,0,0,2.6,81,81.35087,-0.35087
446,29,70,38,32,29.7,12.1,4.5,10.8,41.7,2.3,6.1,38.3,0.8,1,75,0.4,2.7,3.1,2.8,1.4,1.2,0.3,2.3,23.1,0,0,2.3,76,76.22179,-0.22179
447,22,74,17,57,15.3,5.2,2,4.7,42.2,0.4,1.7,24.4,0.9,1.3,67,0.5,1.7,2.2,1,1,0.5,0.4,1.8,11,0,0,-4.5,69,71.24883,-2.24883
448,34,57,35,22,11.7,4.4,1.3,3.5,36.8,1.1,3.1,36,0.7,0.8,84.8,0.2,0.9,1.1,0.4,0.2,0.2,0.1,1.2,7.2,0,0,-1.9,69,70.495415,-1.495415
449,22,15,11,4,9.1,4.1,1.6,2.9,54.5,0,0,0,0.9,1.7,56,1,1.5,2.5,0.1,0.4,0.3,0.6,1.4,9.7,0,0,0.6,67,69.93389,-2.93389
450,29,82,17,65,21.8,8,3.1,7.2,43.4,0.2,0.5,35.7,1.5,1.9,83,1.2,2.8,4,1.7,1.3,0.4,0.5,2.5,16.8,3,0,-5.2,72,72.70141,-0.70141
451,28,81,29,52,24.6,6.1,2.5,5.3,47,0,0,0,1.1,1.8,62.2,1.7,4.8,6.5,1,1,0.4,0.7,3,17.8,7,0,-2.3,70,70.979164,-0.979164
452,25,37,17,20,7,2.6,0.9,1.7,50,0,0,0,0.9,1.4,68,0.6,1.1,1.7,0.3,0.3,0.1,0.5,0.7,6.6,0,0,-1.1,70,70.31582,-0.31582
453,23,47,27,20,13.5,6.3,2.2,5.3,41.6,0.8,2.4,34.2,1,1.2,89.1,0.2,2.1,2.3,0.9,0.6,0.4,0.1,1.1,11.6,1,0,-1.5,73,72.40207,0.59793
454,26,77,39,38,22.3,7.8,2.9,6.7,42.6,0.5,1.6,30.8,1.6,1.8,88.3,0.3,2.5,2.7,3,1.7,0.8,0.2,2.1,16.6,0,0,-0.2,72,74.04234,-2.04234
455,30,67,39,28,30.6,7.2,2.8,6.4,44.5,0,0,0,1.6,2.6,60.3,3.3,6.4,9.6,4.7,1.8,0.7,1.1,3,29.4,15,0,1.2,79,77.704735,1.295265
456,32,49,25,24,8.3,1.8,0.7,1.3,58.1,0,0,0,0.3,0.4,68.2,0.7,1.2,1.9,0.1,0.2,0.2,1,1.1,7.7,0,0,0.2,66,73.90748,-7.90748
457,27,70,19,51,26.8,12,5.1,11.1,45.9,0,0.2,27.3,1.8,2.4,73.8,2.5,5.5,7.9,1.5,1.5,0.5,0.7,2.3,25.9,22,0,-5.7,75,77.103935,-2.103935
458,29,83,41,42,27.7,12.4,5,11.9,41.9,0.9,2.7,31.6,1.5,3.1,49.8,1.8,4.6,6.4,3.3,2.5,1,1.4,2.7,29.9,15,0,0.2,75,79.854355,-4.854355
459,39,47,20,27,20.3,6.9,3,6.5,46.7,0,0.1,14.3,0.8,1,80,1,5.6,6.6,1.6,1,1,0.4,2.3,20.3,3,0,-0.5,76,74.996605,1.003395
460,21,33,22,11,10.9,2.2,0.9,2.7,34.8,0.1,0.3,27.3,0.3,0.4,64.3,0.2,2,2.2,0.8,0.3,0.5,0.2,0.8,7.8,0,0,-1.1,71,70.89464,0.10536
461,27,76,62,14,15.9,10.4,4.2,8.5,49.2,0.1,0.2,27.8,2,2.3,84.3,1.4,2.8,4.3,0.9,1.1,0.3,0.4,2.5,18,1,0,2.4,76,77.47005,-1.47005
462,35,72,49,23,13,3.7,1.3,3.2,40.9,0.6,1.8,36.5,0.4,0.5,81.1,0.4,1.2,1.6,0.7,0.2,0.1,0.2,0.9,7.3,0,0,0.5,70,71.29948,-1.29948
463,27,70,47,23,31.8,15.8,5.6,12.6,44.6,1.5,4,38.6,3.1,3.6,85.9,0.4,2.6,3,5.4,2.2,1.3,0.2,2,29.6,6,0,3.1,85,81.55643,3.44357
464,34,63,41,22,29.2,9.4,3.3,7.6,43.5,1.7,4.2,40.7,1.1,1.4,80.5,0.4,3.5,3.9,1.8,1,0.6,0.3,2,18.8,0,0,3.3,73,75.29017,-2.29017
465,26,68,52,16,16.5,7.8,3,6.7,44.4,1,2.8,34.4,0.9,1.1,79.2,0.7,2.3,2.9,1.1,0.6,0.4,0,1.2,13.6,0,0,0.3,72,74.883705,-2.883705
466,29,40,16,24,22.3,8.5,3.1,8,38.2,1.6,4.8,32.1,0.8,1.2,71.7,0.7,4.2,4.9,1.2,1.3,0.4,0.4,1.9,16.9,1,0,-0.3,69,74.3099,-5.3099
467,34,66,38,28,16.7,4.1,1.6,3.8,41.9,0.2,0.9,26.7,0.7,1,69.2,1.4,2.4,3.8,1.4,0.7,0.5,0.4,2.4,12.8,0,0,1.3,73,72.47474,0.52526
468,26,71,43,28,33.5,9.4,3.4,8.5,40,1.4,4.4,32.4,1.2,1.4,85.7,0.9,5,5.9,4.8,1.9,1.1,0.6,1.5,26.7,5,0,3,77,78.458176,-1.458176
469,19,25,8,17,10.3,3.3,1.2,3,39.5,0.2,0.5,38.5,0.7,1,69.2,1.1,2.3,3.4,0.2,0.4,0.2,0.4,0.8,8.8,1,0,-2.7,72,71.988014,0.011986
470,27,67,23,44,21.1,8.9,3.1,6.4,48.9,0.5,1.3,40.2,2.1,2.9,73.3,0.8,3.1,3.9,1.5,1.3,0.5,0.1,1.6,16.3,1,0,-2.7,73,74.02863,-1.02863
471,24,50,22,28,12,3.5,1.3,3.5,36.8,0.3,1.3,24.6,0.7,1,67.3,0.3,1.3,1.6,2.3,0.8,0.6,0.1,1.1,10.3,1,0,0,68,70.419136,-2.419136
472,29,64,26,38,18.6,6.3,2,5.2,37.4,0.3,0.9,31.7,2.1,2.7,76.9,0.4,1.9,2.3,2.8,1.3,0.5,0,1.1,13.3,0,0,-2.5,72,71.27297,0.72703
473,31,50,15,35,21.7,8.7,3,8,36.8,1.9,5.3,35.7,0.9,1.1,81.8,0.2,1.5,1.7,2.4,1.2,0.7,0.2,1.9,15.8,0,0,-2.1,72,73.64829,-1.64829
474,24,36,19,17,9.4,1.9,0.7,1.9,34.3,0.4,1.3,32.6,0.2,0.3,66.7,0,1.4,1.4,0.2,0.2,0.3,0.1,0.5,4.9,0,0,-0.1,67,69.98182,-2.98182
475,35,74,46,28,16.8,5.8,1.9,4.4,44.4,0.9,2.1,42.6,1.1,1.5,68.4,0.3,2.1,2.5,0.8,0.7,0.4,0.1,1.6,11.1,2,0,0.1,72,72.03272,-0.03272
476,24,20,9,11,5.4,2.9,1,2.1,45.2,0.1,0.3,16.7,0.9,1.2,78.3,0.5,1,1.5,0.3,0.3,0.3,0.1,0.9,5.8,0,0,0.8,67,68.560684,-1.560684
477,31,52,43,9,18.8,5.3,2,4.8,41.8,0.5,1.5,32.1,0.9,1.1,77.6,1,3.3,4.3,1.4,0.7,1,0.4,1.3,16.2,1,0,3.3,74,74.97782,-0.97782
478,22,68,20,48,34.8,17.1,6.5,14,46.6,1.3,3.5,36.4,2.8,3.6,78.8,1.1,5.3,6.3,1.8,1.7,1,0.5,2,30.4,11,0,-4.3,79,79.14193,-0.14193
479,33,63,46,17,26.2,8.6,3.6,7.2,49.5,0.2,0.5,34.5,1.3,2,62.7,1.6,2.8,4.4,1.4,1.4,2,0.5,2.6,22.1,2,0,3.9,78,79.63,-1.63
480,23,47,15,32,8.5,3.7,1.3,3.5,37,0.9,2.5,36.4,0.2,0.3,84.6,0.2,0.5,0.7,0.5,0.4,0.1,0,0.9,5.3,0,0,-1.8,67,71.0893,-4.0893
481,28,78,28,50,31.7,13.9,5.4,12.5,42.9,1.8,5.2,34.2,1.4,1.8,77.5,1.2,4.9,6.1,1.7,1.4,0.7,0.4,3,25.7,8,0,-2.8,77,78.01313,-1.01313
Total,,,,,,,,,,,,,,,,,,,,,,,,,,,,,,-0.428100342
